Computing Nash heatmaps for 121 weight pair(s) with strategies D, N, P1, P2, M1, M2.
  Starting pair 1/121: w1=0, w2=0
  Solving 36 payoff case(s) with 4 worker(s).
  Finished case 1/36: prey=D, predator=D: prey=0.882199, predator=1.039819
  Finished case 2/36: prey=D, predator=P2: prey=0.916032, predator=1.026289
  Finished case 3/36: prey=D, predator=P1: prey=0.869043, predator=1.048580
  Finished case 4/36: prey=D, predator=N: prey=0.899461, predator=1.036474
  Finished case 5/36: prey=D, predator=M1: prey=0.885324, predator=1.039615
  Finished case 6/36: prey=N, predator=N: prey=0.897482, predator=1.020061
  Finished case 7/36: prey=D, predator=M2: prey=0.903978, predator=1.032701
  Finished case 8/36: prey=N, predator=D: prey=0.649483, predator=1.151587
  Finished case 9/36: prey=N, predator=P1: prey=0.814678, predator=1.063751
  Finished case 10/36: prey=N, predator=M1: prey=0.867625, predator=1.035655
  Finished case 11/36: prey=N, predator=P2: prey=0.880826, predator=1.028547
  Finished case 12/36: prey=N, predator=M2: prey=0.831320, predator=1.054494
  Finished case 13/36: prey=P1, predator=D: prey=0.873517, predator=1.040449
  Finished case 14/36: prey=P1, predator=P1: prey=0.886326, predator=1.034687
  Finished case 15/36: prey=P1, predator=N: prey=0.918857, predator=1.021507
  Finished case 16/36: prey=P1, predator=P2: prey=0.913190, predator=1.023504
  Finished case 17/36: prey=P1, predator=M1: prey=0.879532, predator=1.039611
  Finished case 18/36: prey=P1, predator=M2: prey=0.901573, predator=1.028911
  Finished case 19/36: prey=P2, predator=D: prey=0.803925, predator=1.072427
  Finished case 20/36: prey=P2, predator=N: prey=0.910804, predator=1.018108
  Finished case 21/36: prey=P2, predator=P2: prey=0.893669, predator=1.025239
  Finished case 22/36: prey=P2, predator=P1: prey=0.826396, predator=1.061090
  Finished case 23/36: prey=P2, predator=M1: prey=0.873796, predator=1.035368
  Finished case 24/36: prey=P2, predator=M2: prey=0.882105, predator=1.030393
  Finished case 25/36: prey=M1, predator=D: prey=0.867760, predator=1.040778
  Finished case 26/36: prey=M1, predator=N: prey=0.916872, predator=1.017856
  Finished case 27/36: prey=M1, predator=P1: prey=0.879996, predator=1.034326
  Finished case 28/36: prey=M1, predator=P2: prey=0.907093, predator=1.023153
  Finished case 29/36: prey=M1, predator=M1: prey=0.890207, predator=1.029907
  Finished case 30/36: prey=M2, predator=D: prey=0.808977, predator=1.072242
  Finished case 31/36: prey=M1, predator=M2: prey=0.860417, predator=1.048206
  Finished case 32/36: prey=M2, predator=N: prey=0.913067, predator=1.021622
  Finished case 33/36: prey=M2, predator=P1: prey=0.870705, predator=1.039704
  Finished case 34/36: prey=M2, predator=P2: prey=0.883095, predator=1.034933
  Finished case 35/36: prey=M2, predator=M2: prey=0.889491, predator=1.030187
  Finished case 36/36: prey=M2, predator=M1: prey=0.698647, predator=1.135819
  [1/121] w1=0, w2=0: prey=P1, predator=D, equilibria=1
  Starting pair 2/121: w1=0, w2=0.1
  Solving 36 payoff case(s) with 4 worker(s).
  Finished case 1/36: prey=D, predator=D: prey=0.880440, predator=1.040637
  Finished case 2/36: prey=D, predator=P2: prey=0.911772, predator=1.028488
  Finished case 3/36: prey=D, predator=P1: prey=0.859156, predator=1.054114
  Finished case 4/36: prey=D, predator=N: prey=0.891612, predator=1.040554
  Finished case 5/36: prey=D, predator=M1: prey=0.876361, predator=1.044602
  Finished case 6/36: prey=D, predator=M2: prey=0.899478, predator=1.035045
  Finished case 7/36: prey=N, predator=N: prey=0.891564, predator=1.023345
  Finished case 8/36: prey=N, predator=D: prey=0.656675, predator=1.147401
  Finished case 9/36: prey=N, predator=P1: prey=0.816401, predator=1.062065
  Finished case 10/36: prey=N, predator=P2: prey=0.872761, predator=1.033123
  Finished case 11/36: prey=N, predator=M1: prey=0.858816, predator=1.040677
  Finished case 12/36: prey=N, predator=M2: prey=0.830977, predator=1.054045
  Finished case 13/36: prey=P1, predator=P1: prey=0.881055, predator=1.037595
  Finished case 14/36: prey=P1, predator=D: prey=0.873444, predator=1.040311
  Finished case 15/36: prey=P1, predator=N: prey=0.910523, predator=1.025882
  Finished case 16/36: prey=P1, predator=P2: prey=0.908091, predator=1.026169
  Finished case 17/36: prey=P1, predator=M1: prey=0.870311, predator=1.044788
  Finished case 18/36: prey=P1, predator=M2: prey=0.892184, predator=1.033990
  Finished case 19/36: prey=P2, predator=D: prey=0.799376, predator=1.074854
  Finished case 20/36: prey=P2, predator=N: prey=0.900268, predator=1.023800
  Finished case 21/36: prey=P2, predator=P2: prey=0.889714, predator=1.027406
  Finished case 22/36: prey=P2, predator=M1: prey=0.864713, predator=1.040507
  Finished case 23/36: prey=P2, predator=P1: prey=0.811676, predator=1.069192
  Finished case 24/36: prey=P2, predator=M2: prey=0.878856, predator=1.032199
  Finished case 25/36: prey=M1, predator=D: prey=0.867682, predator=1.040641
  Finished case 26/36: prey=M1, predator=N: prey=0.906440, predator=1.023469
  Finished case 27/36: prey=M1, predator=P1: prey=0.876541, predator=1.036247
  Finished case 28/36: prey=M1, predator=P2: prey=0.898586, predator=1.027751
  Finished case 29/36: prey=M1, predator=M1: prey=0.885736, predator=1.032355
  Finished case 30/36: prey=M2, predator=D: prey=0.804368, predator=1.074688
  Finished case 31/36: prey=M1, predator=M2: prey=0.853854, predator=1.051665
  Finished case 32/36: prey=M2, predator=N: prey=0.904697, predator=1.026038
  Finished case 33/36: prey=M2, predator=P1: prey=0.862825, predator=1.044100
  Finished case 34/36: prey=M2, predator=P2: prey=0.876457, predator=1.038628
  Finished case 35/36: prey=M2, predator=M2: prey=0.884719, predator=1.032820
  Finished case 36/36: prey=M2, predator=M1: prey=0.652224, predator=1.161808
  [2/121] w1=0, w2=0.1: prey=P1, predator=D, equilibria=1
  Starting pair 3/121: w1=0, w2=0.2
  Solving 36 payoff case(s) with 4 worker(s).
  Finished case 1/36: prey=D, predator=D: prey=0.878435, predator=1.041595
  Finished case 2/36: prey=D, predator=P1: prey=0.859411, predator=1.053642
  Finished case 3/36: prey=D, predator=P2: prey=0.907014, predator=1.030971
  Finished case 4/36: prey=D, predator=N: prey=0.879271, predator=1.047043
  Finished case 5/36: prey=D, predator=M1: prey=0.871304, predator=1.047312
  Finished case 6/36: prey=D, predator=M2: prey=0.894263, predator=1.037803
  Finished case 7/36: prey=N, predator=N: prey=0.880191, predator=1.029684
  Finished case 8/36: prey=N, predator=D: prey=0.665226, predator=1.142498
  Finished case 9/36: prey=N, predator=P1: prey=0.808019, predator=1.066015
  Finished case 10/36: prey=N, predator=P2: prey=0.862003, predator=1.039128
  Finished case 11/36: prey=N, predator=M1: prey=0.847045, predator=1.047303
  Finished case 12/36: prey=N, predator=M2: prey=0.817757, predator=1.060866
  Finished case 13/36: prey=P1, predator=D: prey=0.873119, predator=1.040303
  Finished case 14/36: prey=P1, predator=P1: prey=0.873866, predator=1.041574
  Finished case 15/36: prey=P1, predator=N: prey=0.903431, predator=1.029464
  Finished case 16/36: prey=P1, predator=P2: prey=0.899288, predator=1.030981
  Finished case 17/36: prey=P1, predator=M1: prey=0.865074, predator=1.047624
  Finished case 18/36: prey=P1, predator=M2: prey=0.880007, predator=1.040634
  Finished case 19/36: prey=P2, predator=D: prey=0.795790, predator=1.076730
  Finished case 20/36: prey=P2, predator=N: prey=0.892504, predator=1.027810
  Finished case 21/36: prey=P2, predator=P2: prey=0.883997, predator=1.030575
  Finished case 22/36: prey=P2, predator=M1: prey=0.852538, predator=1.047307
  Finished case 23/36: prey=P2, predator=P1: prey=0.795463, predator=1.078086
  Finished case 24/36: prey=P2, predator=M2: prey=0.874305, predator=1.034701
  Finished case 25/36: prey=M1, predator=D: prey=0.867380, predator=1.040622
  Finished case 26/36: prey=M1, predator=N: prey=0.898891, predator=1.027345
  Finished case 27/36: prey=M1, predator=P1: prey=0.871331, predator=1.039131
  Finished case 28/36: prey=M1, predator=P2: prey=0.887383, predator=1.033872
  Finished case 29/36: prey=M1, predator=M1: prey=0.879126, predator=1.036021
  Finished case 30/36: prey=M2, predator=D: prey=0.800614, predator=1.076649
  Finished case 31/36: prey=M1, predator=M2: prey=0.846268, predator=1.055674
  Finished case 32/36: prey=M2, predator=N: prey=0.897397, predator=1.029751
  Finished case 33/36: prey=M2, predator=P1: prey=0.850276, predator=1.051072
  Finished case 34/36: prey=M2, predator=P2: prey=0.872369, predator=1.040845
  Finished case 35/36: prey=M2, predator=M2: prey=0.878573, predator=1.036213
  Finished case 36/36: prey=M2, predator=M1: prey=0.653807, predator=1.159967
  [3/121] w1=0, w2=0.2: prey=P1, predator=M1, equilibria=1
  Starting pair 4/121: w1=0, w2=0.3
  Solving 36 payoff case(s) with 4 worker(s).
  Finished case 1/36: prey=D, predator=D: prey=0.876091, predator=1.042741
  Finished case 2/36: prey=D, predator=P2: prey=0.901660, predator=1.033806
  Finished case 3/36: prey=D, predator=P1: prey=0.857714, predator=1.054497
  Finished case 4/36: prey=D, predator=N: prey=0.774262, predator=1.105523
  Finished case 5/36: prey=D, predator=M1: prey=0.868796, predator=1.048675
  Finished case 6/36: prey=N, predator=N: prey=0.863997, predator=1.038654
  Finished case 7/36: prey=D, predator=M2: prey=0.887781, predator=1.041316
  Finished case 8/36: prey=N, predator=D: prey=0.675082, predator=1.136902
  Finished case 9/36: prey=N, predator=P1: prey=0.780463, predator=1.080883
  Finished case 10/36: prey=N, predator=M1: prey=0.846680, predator=1.047061
  Finished case 11/36: prey=N, predator=P2: prey=0.860268, predator=1.039702
  Finished case 12/36: prey=N, predator=M2: prey=0.791282, predator=1.075176
  Finished case 13/36: prey=P1, predator=P1: prey=0.866063, predator=1.045842
  Finished case 14/36: prey=P1, predator=D: prey=0.872479, predator=1.040459
  Finished case 15/36: prey=P1, predator=N: prey=0.877372, predator=1.043623
  Finished case 16/36: prey=P1, predator=P2: prey=0.880188, predator=1.041614
  Finished case 17/36: prey=P1, predator=M2: prey=0.866075, predator=1.048209
  Finished case 18/36: prey=P1, predator=M1: prey=0.862360, predator=1.049107
  Finished case 19/36: prey=P2, predator=D: prey=0.793477, predator=1.077874
  Finished case 20/36: prey=P2, predator=N: prey=0.873918, predator=1.037772
  Finished case 21/36: prey=P2, predator=P2: prey=0.876997, predator=1.034450
  Finished case 22/36: prey=P2, predator=M1: prey=0.852831, predator=1.046687
  Finished case 23/36: prey=P2, predator=P1: prey=0.780604, predator=1.086366
  Finished case 24/36: prey=P2, predator=M2: prey=0.863117, predator=1.040981
  Finished case 25/36: prey=M1, predator=D: prey=0.866775, predator=1.040760
  Finished case 26/36: prey=M1, predator=N: prey=0.879020, predator=1.037964
  Finished case 27/36: prey=M1, predator=P1: prey=0.860321, predator=1.045289
  Finished case 28/36: prey=M1, predator=P2: prey=0.873784, predator=1.041317
  Finished case 29/36: prey=M1, predator=M1: prey=0.871138, predator=1.040439
  Finished case 30/36: prey=M2, predator=D: prey=0.798112, predator=1.077895
  Finished case 31/36: prey=M1, predator=M2: prey=0.796916, predator=1.082881
  Finished case 32/36: prey=M2, predator=N: prey=0.872162, predator=1.043522
  Finished case 33/36: prey=M2, predator=P1: prey=0.845636, predator=1.053333
  Finished case 34/36: prey=M2, predator=P2: prey=0.869934, predator=1.042208
  Finished case 35/36: prey=M2, predator=M2: prey=0.871846, predator=1.039885
  Finished case 36/36: prey=M2, predator=M1: prey=0.650465, predator=1.160999
  [4/121] w1=0, w2=0.3: prey=P1, predator=M1, equilibria=1
  Starting pair 5/121: w1=0, w2=0.4
  Solving 36 payoff case(s) with 4 worker(s).
  Finished case 1/36: prey=D, predator=D: prey=0.873296, predator=1.044134
  Finished case 2/36: prey=D, predator=P2: prey=0.895469, predator=1.037084
  Finished case 3/36: prey=D, predator=P1: prey=0.857199, predator=1.054880
  Finished case 4/36: prey=D, predator=N: prey=0.720171, predator=1.133806
  Finished case 5/36: prey=D, predator=M1: prey=0.869148, predator=1.048553
  Finished case 6/36: prey=N, predator=N: prey=0.849217, predator=1.046696
  Finished case 7/36: prey=D, predator=M2: prey=0.881603, predator=1.044593
  Finished case 8/36: prey=N, predator=D: prey=0.686137, predator=1.130666
  Finished case 9/36: prey=N, predator=P1: prey=0.752126, predator=1.096017
  Finished case 10/36: prey=N, predator=P2: prey=0.834901, predator=1.053829
  Finished case 11/36: prey=N, predator=M1: prey=0.820638, predator=1.061519
  Finished case 12/36: prey=N, predator=M2: prey=0.765277, predator=1.089036
  Finished case 13/36: prey=P1, predator=D: prey=0.871397, predator=1.040854
  Finished case 14/36: prey=P1, predator=P1: prey=0.857187, predator=1.050672
  Finished case 15/36: prey=P1, predator=N: prey=0.844748, predator=1.061245
  Finished case 16/36: prey=P1, predator=P2: prey=0.836252, predator=1.066643
  Finished case 17/36: prey=P1, predator=M1: prey=0.862604, predator=1.049036
  Finished case 18/36: prey=P1, predator=M2: prey=0.853794, predator=1.054719
  Finished case 19/36: prey=P2, predator=D: prey=0.792043, predator=1.078519
  Finished case 20/36: prey=P2, predator=N: prey=0.834014, predator=1.059470
  Finished case 21/36: prey=P2, predator=P2: prey=0.868791, predator=1.038978
  Finished case 22/36: prey=P2, predator=P1: prey=0.778040, predator=1.086891
  Finished case 23/36: prey=P2, predator=M1: prey=0.825314, predator=1.061879
  Finished case 24/36: prey=P2, predator=M2: prey=0.849966, predator=1.048263
  Finished case 25/36: prey=M1, predator=D: prey=0.865732, predator=1.041135
  Finished case 26/36: prey=M1, predator=N: prey=0.839225, predator=1.059462
  Finished case 27/36: prey=M1, predator=P1: prey=0.845095, predator=1.053735
  Finished case 28/36: prey=M1, predator=P2: prey=0.861188, predator=1.048077
  Finished case 29/36: prey=M1, predator=M1: prey=0.862523, predator=1.045162
  Finished case 30/36: prey=M2, predator=D: prey=0.796599, predator=1.078579
  Finished case 31/36: prey=M1, predator=M2: prey=0.702782, predator=1.134181
  Finished case 32/36: prey=M2, predator=N: prey=0.839551, predator=1.061261
  Finished case 33/36: prey=M2, predator=P1: prey=0.823231, predator=1.065491
  Finished case 34/36: prey=M2, predator=P2: prey=0.869867, predator=1.042344
  Finished case 35/36: prey=M2, predator=M2: prey=0.863274, predator=1.044582
  Finished case 36/36: prey=M2, predator=M1: prey=0.646020, predator=1.162847
  [5/121] w1=0, w2=0.4: prey=P1, predator=N, equilibria=1
  Starting pair 6/121: w1=0, w2=0.5
  Solving 36 payoff case(s) with 4 worker(s).
  Finished case 1/36: prey=D, predator=D: prey=0.869913, predator=1.045845
  Finished case 2/36: prey=D, predator=P1: prey=0.853879, predator=1.056960
  Finished case 3/36: prey=D, predator=P2: prey=0.883194, predator=1.043763
  Finished case 4/36: prey=D, predator=N: prey=0.664832, predator=1.162336
  Finished case 5/36: prey=D, predator=M1: prey=0.867984, predator=1.049300
  Finished case 6/36: prey=D, predator=M2: prey=0.868794, predator=1.051570
  Finished case 7/36: prey=N, predator=N: prey=0.837502, predator=1.053042
  Finished case 8/36: prey=N, predator=D: prey=0.698167, predator=1.123910
  Finished case 9/36: prey=N, predator=P1: prey=0.728167, predator=1.108564
  Finished case 10/36: prey=N, predator=P2: prey=0.826858, predator=1.057881
  Finished case 11/36: prey=N, predator=M1: prey=0.806759, predator=1.068875
  Finished case 12/36: prey=N, predator=M2: prey=0.742850, predator=1.100796
  Finished case 13/36: prey=P1, predator=P1: prey=0.846569, predator=1.056460
  Finished case 14/36: prey=P1, predator=D: prey=0.869817, predator=1.041525
  Finished case 15/36: prey=P1, predator=N: prey=0.827103, predator=1.070636
  Finished case 16/36: prey=P1, predator=P2: prey=0.830306, predator=1.069540
  Finished case 17/36: prey=P1, predator=M1: prey=0.862196, predator=1.049366
  Finished case 18/36: prey=P1, predator=M2: prey=0.848215, predator=1.057220
  Finished case 19/36: prey=P2, predator=D: prey=0.791150, predator=1.078868
  Finished case 20/36: prey=P2, predator=N: prey=0.810391, predator=1.072235
  Finished case 21/36: prey=P2, predator=P2: prey=0.859298, predator=1.044218
  Finished case 22/36: prey=P2, predator=M1: prey=0.812543, predator=1.068539
  Finished case 23/36: prey=P2, predator=P1: prey=0.727516, predator=1.114123
  Finished case 24/36: prey=P2, predator=M2: prey=0.840064, predator=1.053543
  Finished case 25/36: prey=M1, predator=D: prey=0.864192, predator=1.041786
  Finished case 26/36: prey=M1, predator=N: prey=0.815575, predator=1.072182
  Finished case 27/36: prey=M1, predator=P1: prey=0.834982, predator=1.059065
  Finished case 28/36: prey=M1, predator=P2: prey=0.854015, predator=1.051554
  Finished case 29/36: prey=M1, predator=M1: prey=0.852998, predator=1.050363
  Finished case 30/36: prey=M2, predator=D: prey=0.795560, predator=1.079005
  Finished case 31/36: prey=M1, predator=M2: prey=0.659613, predator=1.157411
  Finished case 32/36: prey=M2, predator=N: prey=0.821974, predator=1.070660
  Finished case 33/36: prey=M2, predator=P1: prey=0.808959, predator=1.072993
  Finished case 34/36: prey=M2, predator=P2: prey=0.868254, predator=1.043377
  Finished case 35/36: prey=M2, predator=M2: prey=0.852640, predator=1.050437
  Finished case 36/36: prey=M2, predator=M1: prey=0.644759, predator=1.163085
  [6/121] w1=0, w2=0.5: prey=P1, predator=N, equilibria=1
  Starting pair 7/121: w1=0, w2=0.6
  Solving 36 payoff case(s) with 4 worker(s).
  Finished case 1/36: prey=D, predator=D: prey=0.865765, predator=1.047966
  Finished case 2/36: prey=D, predator=P2: prey=0.867160, predator=1.052513
  Finished case 3/36: prey=D, predator=P1: prey=0.851295, predator=1.058133
  Finished case 4/36: prey=D, predator=N: prey=0.656687, predator=1.166251
  Finished case 5/36: prey=D, predator=M1: prey=0.863327, predator=1.051596
  Finished case 6/36: prey=N, predator=N: prey=0.829122, predator=1.057732
  Finished case 7/36: prey=D, predator=M2: prey=0.852696, predator=1.060302
  Finished case 8/36: prey=N, predator=D: prey=0.709713, predator=1.117465
  Finished case 9/36: prey=N, predator=P1: prey=0.709765, predator=1.118133
  Finished case 10/36: prey=N, predator=P2: prey=0.807894, predator=1.068157
  Finished case 11/36: prey=N, predator=M1: prey=0.785724, predator=1.080273
  Finished case 12/36: prey=N, predator=M2: prey=0.725940, predator=1.109608
  Finished case 13/36: prey=P1, predator=D: prey=0.867583, predator=1.042562
  Finished case 14/36: prey=P1, predator=P1: prey=0.835995, predator=1.062259
  Finished case 15/36: prey=P1, predator=N: prey=0.814483, predator=1.077528
  Finished case 16/36: prey=P1, predator=P2: prey=0.844419, predator=1.060735
  Finished case 17/36: prey=P1, predator=M2: prey=0.831182, predator=1.066154
  Finished case 18/36: prey=P1, predator=M1: prey=0.857497, predator=1.051739
  Finished case 19/36: prey=P2, predator=D: prey=0.791612, predator=1.078445
  Finished case 20/36: prey=P2, predator=N: prey=0.799502, predator=1.078138
  Finished case 21/36: prey=P2, predator=P2: prey=0.850927, predator=1.048841
  Finished case 22/36: prey=P2, predator=M1: prey=0.790731, predator=1.080299
  Finished case 23/36: prey=P2, predator=P1: prey=0.700965, predator=1.128358
  Finished case 24/36: prey=P2, predator=M2: prey=0.824305, predator=1.062324
  Finished case 25/36: prey=M1, predator=D: prey=0.862024, predator=1.042789
  Finished case 26/36: prey=M1, predator=N: prey=0.804652, predator=1.078071
  Finished case 27/36: prey=M1, predator=P1: prey=0.819274, predator=1.067714
  Finished case 28/36: prey=M1, predator=P2: prey=0.837511, predator=1.060238
  Finished case 29/36: prey=M1, predator=M1: prey=0.844247, predator=1.055137
  Finished case 30/36: prey=M2, predator=D: prey=0.795662, predator=1.078786
  Finished case 31/36: prey=M1, predator=M2: prey=0.633481, predator=1.171118
  Finished case 32/36: prey=M2, predator=N: prey=0.809441, predator=1.077546
  Finished case 33/36: prey=M2, predator=P1: prey=0.786899, predator=1.084848
  Finished case 34/36: prey=M2, predator=P2: prey=0.868029, predator=1.043191
  Finished case 35/36: prey=M2, predator=M2: prey=0.842305, predator=1.056173
  Finished case 36/36: prey=M2, predator=M1: prey=0.647327, predator=1.161373
  [7/121] w1=0, w2=0.6: prey=P1, predator=N, equilibria=1
  Starting pair 8/121: w1=0, w2=0.7
  Solving 36 payoff case(s) with 4 worker(s).
  Finished case 1/36: prey=D, predator=D: prey=0.860637, predator=1.050610
  Finished case 2/36: prey=D, predator=P1: prey=0.853866, predator=1.056383
  Finished case 3/36: prey=D, predator=P2: prey=0.853021, predator=1.060287
  Finished case 4/36: prey=D, predator=N: prey=0.697902, predator=1.144537
  Finished case 5/36: prey=D, predator=M1: prey=0.864150, predator=1.050823
  Finished case 6/36: prey=N, predator=N: prey=0.824279, predator=1.060799
  Finished case 7/36: prey=D, predator=M2: prey=0.837971, predator=1.068387
  Finished case 8/36: prey=N, predator=D: prey=0.716891, predator=1.113573
  Finished case 9/36: prey=N, predator=P1: prey=0.695491, predator=1.125801
  Finished case 10/36: prey=N, predator=P2: prey=0.801028, predator=1.071358
  Finished case 11/36: prey=N, predator=M1: prey=0.784822, predator=1.079886
  Finished case 12/36: prey=N, predator=M2: prey=0.713554, predator=1.116269
  Finished case 13/36: prey=P1, predator=D: prey=0.864340, predator=1.044161
  Finished case 14/36: prey=P1, predator=P1: prey=0.828254, predator=1.066545
  Finished case 15/36: prey=P1, predator=N: prey=0.808641, predator=1.081067
  Finished case 16/36: prey=P1, predator=P2: prey=0.816765, predator=1.075702
  Finished case 17/36: prey=P1, predator=M1: prey=0.858529, predator=1.050846
  Finished case 18/36: prey=P1, predator=M2: prey=0.792270, predator=1.087444
  Finished case 19/36: prey=P2, predator=D: prey=0.794537, predator=1.076597
  Finished case 20/36: prey=P2, predator=N: prey=0.800573, predator=1.077850
  Finished case 21/36: prey=P2, predator=P2: prey=0.845430, predator=1.051887
  Finished case 22/36: prey=P2, predator=M1: prey=0.789977, predator=1.079836
  Finished case 23/36: prey=P2, predator=P1: prey=0.726350, predator=1.114025
  Finished case 24/36: prey=P2, predator=M2: prey=0.815995, predator=1.066929
  Finished case 25/36: prey=M1, predator=D: prey=0.858758, predator=1.044409
  Finished case 26/36: prey=M1, predator=N: prey=0.805658, predator=1.077814
  Finished case 27/36: prey=M1, predator=P1: prey=0.809236, predator=1.073228
  Finished case 28/36: prey=M1, predator=P2: prey=0.797718, predator=1.082237
  Finished case 29/36: prey=M1, predator=M1: prey=0.837449, predator=1.058881
  Finished case 30/36: prey=M2, predator=D: prey=0.798205, predator=1.077167
  Finished case 31/36: prey=M1, predator=M2: prey=0.617166, predator=1.179534
  Finished case 32/36: prey=M2, predator=N: prey=0.803640, predator=1.081082
  Finished case 33/36: prey=M2, predator=P1: prey=0.785259, predator=1.084889
  Finished case 34/36: prey=M2, predator=P2: prey=0.868585, predator=1.042617
  Finished case 35/36: prey=M2, predator=M2: prey=0.836281, predator=1.059520
  Finished case 36/36: prey=M2, predator=M1: prey=0.654389, predator=1.157387
  [8/121] w1=0, w2=0.7: prey=P1, predator=N, equilibria=1
  Starting pair 9/121: w1=0, w2=0.8
  Solving 36 payoff case(s) with 4 worker(s).
  Finished case 1/36: prey=D, predator=D: prey=0.854274, predator=1.053906
  Finished case 2/36: prey=D, predator=P2: prey=0.842490, predator=1.066171
  Finished case 3/36: prey=D, predator=P1: prey=0.853756, predator=1.056437
  Finished case 4/36: prey=D, predator=N: prey=0.777304, predator=1.102855
  Finished case 5/36: prey=D, predator=M1: prey=0.863937, predator=1.050922
  Finished case 6/36: prey=N, predator=N: prey=0.822921, predator=1.062519
  Finished case 7/36: prey=D, predator=M2: prey=0.826732, predator=1.074693
  Finished case 8/36: prey=N, predator=D: prey=0.722128, predator=1.110824
  Finished case 9/36: prey=N, predator=P1: prey=0.689633, predator=1.129137
  Finished case 10/36: prey=N, predator=P2: prey=0.780482, predator=1.082765
  Finished case 11/36: prey=N, predator=M1: prey=0.759194, predator=1.094129
  Finished case 12/36: prey=N, predator=M2: prey=0.708390, predator=1.119253
  Finished case 13/36: prey=P1, predator=P1: prey=0.825671, predator=1.067955
  Finished case 14/36: prey=P1, predator=D: prey=0.859531, predator=1.046616
  Finished case 15/36: prey=P1, predator=N: prey=0.821486, predator=1.074972
  Finished case 16/36: prey=P1, predator=P2: prey=0.809129, predator=1.079685
  Finished case 17/36: prey=P1, predator=M1: prey=0.858320, predator=1.050942
  Finished case 18/36: prey=P1, predator=M2: prey=0.763684, predator=1.102977
  Finished case 19/36: prey=P2, predator=D: prey=0.800760, predator=1.072827
  Finished case 20/36: prey=P2, predator=N: prey=0.818115, predator=1.069114
  Finished case 21/36: prey=P2, predator=P2: prey=0.843051, predator=1.053223
  Finished case 22/36: prey=P2, predator=M1: prey=0.764130, predator=1.094092
  Finished case 23/36: prey=P2, predator=P1: prey=0.766346, predator=1.091967
  Finished case 24/36: prey=P2, predator=M2: prey=0.810114, predator=1.070291
  Finished case 25/36: prey=M1, predator=D: prey=0.853720, predator=1.047010
  Finished case 26/36: prey=M1, predator=N: prey=0.823202, predator=1.069124
  Finished case 27/36: prey=M1, predator=P1: prey=0.802050, predator=1.077261
  Finished case 28/36: prey=M1, predator=P2: prey=0.769970, predator=1.097417
  Finished case 29/36: prey=M1, predator=M1: prey=0.833981, predator=1.060799
  Finished case 30/36: prey=M2, predator=D: prey=0.804096, predator=1.073616
  Finished case 31/36: prey=M1, predator=M2: prey=0.608299, predator=1.184315
  Finished case 32/36: prey=M2, predator=N: prey=0.816402, predator=1.074990
  Finished case 33/36: prey=M2, predator=P1: prey=0.761873, predator=1.097634
  Finished case 34/36: prey=M2, predator=P2: prey=0.868293, predator=1.042805
  Finished case 35/36: prey=M2, predator=M2: prey=0.834812, predator=1.060334
  Finished case 36/36: prey=M2, predator=M1: prey=0.666870, predator=1.150664
  [9/121] w1=0, w2=0.8: prey=P2, predator=N, equilibria=1
  Starting pair 10/121: w1=0, w2=0.9
  Solving 36 payoff case(s) with 4 worker(s).
  Finished case 1/36: prey=D, predator=D: prey=0.846425, predator=1.057984
  Finished case 2/36: prey=D, predator=P2: prey=0.834553, predator=1.070710
  Finished case 3/36: prey=D, predator=P1: prey=0.856001, predator=1.055390
  Finished case 4/36: prey=D, predator=N: prey=0.844814, predator=1.068448
  Finished case 5/36: prey=D, predator=M1: prey=0.865837, predator=1.050067
  Finished case 6/36: prey=N, predator=N: prey=0.838094, predator=1.056339
  Finished case 7/36: prey=D, predator=M2: prey=0.818597, predator=1.079376
  Finished case 8/36: prey=N, predator=D: prey=0.727734, predator=1.107892
  Finished case 9/36: prey=N, predator=P1: prey=0.690118, predator=1.129366
  Finished case 10/36: prey=N, predator=P2: prey=0.769156, predator=1.089146
  Finished case 11/36: prey=N, predator=M1: prey=0.742484, predator=1.103539
  Finished case 12/36: prey=N, predator=M2: prey=0.713084, predator=1.117005
  Finished case 13/36: prey=P1, predator=D: prey=0.851888, predator=1.050629
  Finished case 14/36: prey=P1, predator=P1: prey=0.825208, predator=1.068281
  Finished case 15/36: prey=P1, predator=N: prey=0.847465, predator=1.062988
  Finished case 16/36: prey=P1, predator=P2: prey=0.822830, predator=1.072113
  Finished case 17/36: prey=P1, predator=M1: prey=0.860182, predator=1.050100
  Finished case 18/36: prey=P1, predator=M2: prey=0.740816, predator=1.115110
  Finished case 19/36: prey=P2, predator=D: prey=0.809159, predator=1.067776
  Finished case 20/36: prey=P2, predator=N: prey=0.838580, predator=1.060128
  Finished case 21/36: prey=P2, predator=P2: prey=0.842447, predator=1.053656
  Finished case 22/36: prey=P2, predator=M1: prey=0.747299, predator=1.103496
  Finished case 23/36: prey=P2, predator=P1: prey=0.772641, predator=1.088107
  Finished case 24/36: prey=P2, predator=M2: prey=0.804275, predator=1.073716
  Finished case 25/36: prey=M1, predator=D: prey=0.845887, predator=1.051155
  Finished case 26/36: prey=M1, predator=N: prey=0.844137, predator=1.059963
  Finished case 27/36: prey=M1, predator=P1: prey=0.794977, predator=1.081325
  Finished case 28/36: prey=M1, predator=P2: prey=0.746842, predator=1.109788
  Finished case 29/36: prey=M1, predator=M1: prey=0.832798, predator=1.061529
  Finished case 30/36: prey=M2, predator=D: prey=0.812627, predator=1.068526
  Finished case 31/36: prey=M1, predator=M2: prey=0.598613, predator=1.190134
  Finished case 32/36: prey=M2, predator=N: prey=0.842001, predator=1.063111
  Finished case 33/36: prey=M2, predator=P1: prey=0.745946, predator=1.106490
  Finished case 34/36: prey=M2, predator=P2: prey=0.870120, predator=1.042011
  Finished case 35/36: prey=M2, predator=M2: prey=0.834922, predator=1.060368
  Finished case 36/36: prey=M2, predator=M1: prey=0.685323, predator=1.140909
  [10/121] w1=0, w2=0.9: prey=D, predator=M2, equilibria=1
  Starting pair 11/121: w1=0, w2=1
  Solving 36 payoff case(s) with 4 worker(s).
  Finished case 1/36: prey=D, predator=D: prey=0.836941, predator=1.062917
  Finished case 2/36: prey=D, predator=P1: prey=0.854856, predator=1.056518
  Finished case 3/36: prey=D, predator=P2: prey=0.832186, predator=1.072208
  Finished case 4/36: prey=D, predator=N: prey=0.988988, predator=0.990566
  Finished case 5/36: prey=D, predator=M1: prey=0.867624, predator=1.049456
  Finished case 6/36: prey=N, predator=N: prey=0.965525, predator=0.987443
  Finished case 7/36: prey=D, predator=M2: prey=0.816957, predator=1.080485
  Finished case 8/36: prey=N, predator=D: prey=0.736054, predator=1.103470
  Finished case 9/36: prey=N, predator=P1: prey=0.666387, predator=1.142506
  Finished case 10/36: prey=N, predator=P2: prey=0.769367, predator=1.089256
  Finished case 11/36: prey=N, predator=M1: prey=0.740363, predator=1.104930
  Finished case 12/36: prey=N, predator=M2: prey=0.693541, predator=1.128014
  Finished case 13/36: prey=P1, predator=D: prey=0.841044, predator=1.056431
  Finished case 14/36: prey=P1, predator=P1: prey=0.825819, predator=1.068118
  Finished case 15/36: prey=P1, predator=N: prey=0.983272, predator=0.989546
  Finished case 16/36: prey=P1, predator=P2: prey=0.806077, predator=1.081092
  Finished case 17/36: prey=P1, predator=M1: prey=0.861968, predator=1.049475
  Finished case 18/36: prey=P1, predator=M2: prey=0.688258, predator=1.144149
  Finished case 19/36: prey=P2, predator=D: prey=0.816770, predator=1.063154
  Finished case 20/36: prey=P2, predator=N: prey=0.971624, predator=0.988176
  Finished case 21/36: prey=P2, predator=P2: prey=0.842776, predator=1.053675
  Finished case 22/36: prey=P2, predator=P1: prey=0.754765, predator=1.098592
  Finished case 23/36: prey=P2, predator=M1: prey=0.745160, predator=1.104882
  Finished case 24/36: prey=P2, predator=M2: prey=0.802020, predator=1.075202
  Finished case 25/36: prey=M1, predator=D: prey=0.835201, predator=1.056904
  Finished case 26/36: prey=M1, predator=N: prey=0.977634, predator=0.988178
  Finished case 27/36: prey=M1, predator=P1: prey=0.791593, predator=1.083408
  Finished case 28/36: prey=M1, predator=P2: prey=0.694649, predator=1.138835
  Finished case 29/36: prey=M1, predator=M1: prey=0.832753, predator=1.061732
  Finished case 30/36: prey=M2, predator=D: prey=0.820379, predator=1.063855
  Finished case 31/36: prey=M1, predator=M2: prey=0.625471, predator=1.175805
  Finished case 32/36: prey=M2, predator=N: prey=0.977266, predator=0.989542
  Finished case 33/36: prey=M2, predator=P1: prey=0.744349, predator=1.107593
  Finished case 34/36: prey=M2, predator=P2: prey=0.870870, predator=1.042006
  Finished case 35/36: prey=M2, predator=M2: prey=0.835894, predator=1.060030
  Finished case 36/36: prey=M2, predator=M1: prey=0.709164, predator=1.128376
  [11/121] w1=0, w2=1: prey=D, predator=M2, equilibria=1
  Starting pair 12/121: w1=0.1, w2=0
  Solving 36 payoff case(s) with 4 worker(s).
  Finished case 1/36: prey=D, predator=D: prey=0.882187, predator=1.039618
  Finished case 2/36: prey=D, predator=P1: prey=0.866752, predator=1.049635
  Finished case 3/36: prey=D, predator=P2: prey=0.912932, predator=1.027818
  Finished case 4/36: prey=D, predator=N: prey=0.896340, predator=1.037939
  Finished case 5/36: prey=D, predator=M1: prey=0.883104, predator=1.040642
  Finished case 6/36: prey=N, predator=N: prey=0.913757, predator=1.011493
  Finished case 7/36: prey=D, predator=M2: prey=0.901061, predator=1.034108
  Finished case 8/36: prey=N, predator=D: prey=0.654006, predator=1.149454
  Finished case 9/36: prey=N, predator=P1: prey=0.835074, predator=1.053285
  Finished case 10/36: prey=N, predator=P2: prey=0.894419, predator=1.021567
  Finished case 11/36: prey=N, predator=M1: prey=0.881942, predator=1.028308
  Finished case 12/36: prey=N, predator=M2: prey=0.849895, predator=1.045064
  Finished case 13/36: prey=P1, predator=D: prey=0.879523, predator=1.036993
  Finished case 14/36: prey=P1, predator=P1: prey=0.896023, predator=1.029597
  Finished case 15/36: prey=P1, predator=N: prey=0.934474, predator=1.013159
  Finished case 16/36: prey=P1, predator=P2: prey=0.921585, predator=1.019006
  Finished case 17/36: prey=P1, predator=M2: prey=0.906769, predator=1.026184
  Finished case 18/36: prey=P1, predator=M1: prey=0.898521, predator=1.029271
  Finished case 19/36: prey=P2, predator=D: prey=0.824148, predator=1.061930
  Finished case 20/36: prey=P2, predator=N: prey=0.915731, predator=1.015483
  Finished case 21/36: prey=P2, predator=P2: prey=0.902875, predator=1.020331
  Finished case 22/36: prey=P2, predator=M1: prey=0.884650, predator=1.029828
  Finished case 23/36: prey=P2, predator=P1: prey=0.836526, predator=1.055818
  Finished case 24/36: prey=P2, predator=M2: prey=0.886626, predator=1.027748
  Finished case 25/36: prey=M1, predator=D: prey=0.873889, predator=1.037230
  Finished case 26/36: prey=M1, predator=N: prey=0.921845, predator=1.015220
  Finished case 27/36: prey=M1, predator=P1: prey=0.885535, predator=1.031125
  Finished case 28/36: prey=M1, predator=P2: prey=0.911909, predator=1.020596
  Finished case 29/36: prey=M1, predator=M1: prey=0.899852, predator=1.024780
  Finished case 30/36: prey=M2, predator=D: prey=0.828579, predator=1.062187
  Finished case 31/36: prey=M1, predator=M2: prey=0.864269, predator=1.045702
  Finished case 32/36: prey=M2, predator=N: prey=0.928591, predator=1.013278
  Finished case 33/36: prey=M2, predator=P1: prey=0.881817, predator=1.034067
  Finished case 34/36: prey=M2, predator=P2: prey=0.901595, predator=1.024829
  Finished case 35/36: prey=M2, predator=M2: prey=0.898735, predator=1.025325
  Finished case 36/36: prey=M2, predator=M1: prey=0.745958, predator=1.109401
  [12/121] w1=0.1, w2=0: prey=P1, predator=D, equilibria=1
  Starting pair 13/121: w1=0.1, w2=0.1
  Solving 36 payoff case(s) with 4 worker(s).
  Finished case 1/36: prey=D, predator=D: prey=0.880929, predator=1.040167
  Finished case 2/36: prey=D, predator=P2: prey=0.909327, predator=1.029650
  Finished case 3/36: prey=D, predator=P1: prey=0.857866, predator=1.054641
  Finished case 4/36: prey=D, predator=N: prey=0.887185, predator=1.042756
  Finished case 5/36: prey=D, predator=M1: prey=0.875371, predator=1.044961
  Finished case 6/36: prey=N, predator=N: prey=0.906084, predator=1.015760
  Finished case 7/36: prey=D, predator=M2: prey=0.897279, predator=1.036049
  Finished case 8/36: prey=N, predator=D: prey=0.659330, predator=1.146288
  Finished case 9/36: prey=N, predator=P1: prey=0.829874, predator=1.055660
  Finished case 10/36: prey=N, predator=P2: prey=0.885131, predator=1.026782
  Finished case 11/36: prey=N, predator=M1: prey=0.871514, predator=1.034194
  Finished case 12/36: prey=N, predator=M2: prey=0.844538, predator=1.047563
  Finished case 13/36: prey=P1, predator=P1: prey=0.890556, predator=1.032614
  Finished case 14/36: prey=P1, predator=D: prey=0.878325, predator=1.037485
  Finished case 15/36: prey=P1, predator=N: prey=0.924167, predator=1.018650
  Finished case 16/36: prey=P1, predator=P2: prey=0.915721, predator=1.022070
  Finished case 17/36: prey=P1, predator=M2: prey=0.896835, predator=1.031546
  Finished case 18/36: prey=P1, predator=M1: prey=0.888455, predator=1.034988
  Finished case 19/36: prey=P2, predator=D: prey=0.820387, predator=1.063958
  Finished case 20/36: prey=P2, predator=N: prey=0.905255, predator=1.021150
  Finished case 21/36: prey=P2, predator=P2: prey=0.898749, predator=1.022592
  Finished case 22/36: prey=P2, predator=M1: prey=0.876539, predator=1.034412
  Finished case 23/36: prey=P2, predator=P1: prey=0.831589, predator=1.058451
  Finished case 24/36: prey=P2, predator=M2: prey=0.882284, predator=1.030175
  Finished case 25/36: prey=M1, predator=D: prey=0.872734, predator=1.037701
  Finished case 26/36: prey=M1, predator=N: prey=0.911475, predator=1.020807
  Finished case 27/36: prey=M1, predator=P1: prey=0.880907, predator=1.033712
  Finished case 28/36: prey=M1, predator=P2: prey=0.902889, predator=1.025460
  Finished case 29/36: prey=M1, predator=M1: prey=0.895251, predator=1.027300
  Finished case 30/36: prey=M2, predator=D: prey=0.824919, predator=1.064145
  Finished case 31/36: prey=M1, predator=M2: prey=0.859997, predator=1.047865
  Finished case 32/36: prey=M2, predator=N: prey=0.918298, predator=1.018787
  Finished case 33/36: prey=M2, predator=P1: prey=0.874931, predator=1.037897
  Finished case 34/36: prey=M2, predator=M2: prey=0.893718, predator=1.028094
  Finished case 35/36: prey=M2, predator=P2: prey=0.893341, predator=1.029508
  Finished case 36/36: prey=M2, predator=M1: prey=0.707671, predator=1.130864
  [13/121] w1=0.1, w2=0.1: prey=P1, predator=D, equilibria=1
  Starting pair 14/121: w1=0.1, w2=0.2
  Solving 36 payoff case(s) with 4 worker(s).
  Finished case 1/36: prey=D, predator=D: prey=0.879551, predator=1.040790
  Finished case 2/36: prey=D, predator=P2: prey=0.905339, predator=1.031705
  Finished case 3/36: prey=D, predator=P1: prey=0.860569, predator=1.052780
  Finished case 4/36: prey=D, predator=N: prey=0.836068, predator=1.071169
  Finished case 5/36: prey=D, predator=M1: prey=0.871692, predator=1.046912
  Finished case 6/36: prey=N, predator=N: prey=0.892185, predator=1.023498
  Finished case 7/36: prey=D, predator=M2: prey=0.892862, predator=1.038365
  Finished case 8/36: prey=N, predator=D: prey=0.665847, predator=1.142495
  Finished case 9/36: prey=N, predator=P1: prey=0.822469, predator=1.059060
  Finished case 10/36: prey=N, predator=M1: prey=0.860974, predator=1.040017
  Finished case 11/36: prey=N, predator=P2: prey=0.875681, predator=1.031960
  Finished case 12/36: prey=N, predator=M2: prey=0.835168, predator=1.052152
  Finished case 13/36: prey=P1, predator=D: prey=0.876905, predator=1.038095
  Finished case 14/36: prey=P1, predator=P1: prey=0.882685, predator=1.036974
  Finished case 15/36: prey=P1, predator=N: prey=0.914157, predator=1.023879
  Finished case 16/36: prey=P1, predator=P2: prey=0.905996, predator=1.027366
  Finished case 17/36: prey=P1, predator=M2: prey=0.884103, predator=1.038474
  Finished case 18/36: prey=P1, predator=M1: prey=0.881489, predator=1.038824
  Finished case 19/36: prey=P2, predator=D: prey=0.817995, predator=1.065206
  Finished case 20/36: prey=P2, predator=N: prey=0.897664, predator=1.025087
  Finished case 21/36: prey=P2, predator=P2: prey=0.892416, predator=1.026106
  Finished case 22/36: prey=P2, predator=M1: prey=0.866793, predator=1.039852
  Finished case 23/36: prey=P2, predator=P1: prey=0.828914, predator=1.059791
  Finished case 24/36: prey=P2, predator=M2: prey=0.875734, predator=1.033831
  Finished case 25/36: prey=M1, predator=D: prey=0.871353, predator=1.038295
  Finished case 26/36: prey=M1, predator=N: prey=0.904086, predator=1.024619
  Finished case 27/36: prey=M1, predator=P1: prey=0.873745, predator=1.037713
  Finished case 28/36: prey=M1, predator=P2: prey=0.891230, predator=1.031811
  Finished case 29/36: prey=M1, predator=M1: prey=0.888002, predator=1.031324
  Finished case 30/36: prey=M2, predator=D: prey=0.822630, predator=1.065327
  Finished case 31/36: prey=M1, predator=M2: prey=0.854285, predator=1.050833
  Finished case 32/36: prey=M2, predator=N: prey=0.908080, predator=1.024154
  Finished case 33/36: prey=M2, predator=P1: prey=0.864649, predator=1.043610
  Finished case 34/36: prey=M2, predator=P2: prey=0.888220, predator=1.032310
  Finished case 35/36: prey=M2, predator=M2: prey=0.886926, predator=1.031845
  Finished case 36/36: prey=M2, predator=M1: prey=0.664432, predator=1.155064
  [14/121] w1=0.1, w2=0.2: prey=P1, predator=M1, equilibria=1
  Starting pair 15/121: w1=0.1, w2=0.3
  Solving 36 payoff case(s) with 4 worker(s).
  Finished case 1/36: prey=D, predator=D: prey=0.877988, predator=1.041519
  Finished case 2/36: prey=D, predator=P2: prey=0.900643, predator=1.034179
  Finished case 3/36: prey=D, predator=P1: prey=0.859451, predator=1.053357
  Finished case 4/36: prey=D, predator=N: prey=0.764376, predator=1.110682
  Finished case 5/36: prey=D, predator=M1: prey=0.869935, predator=1.047890
  Finished case 6/36: prey=N, predator=N: prey=0.874066, predator=1.033487
  Finished case 7/36: prey=D, predator=M2: prey=0.887090, predator=1.041487
  Finished case 8/36: prey=N, predator=D: prey=0.673456, predator=1.138130
  Finished case 9/36: prey=N, predator=P1: prey=0.804927, predator=1.068120
  Finished case 10/36: prey=N, predator=P2: prey=0.870575, predator=1.034459
  Finished case 11/36: prey=N, predator=M1: prey=0.859925, predator=1.040132
  Finished case 12/36: prey=N, predator=M2: prey=0.815631, predator=1.062438
  Finished case 13/36: prey=P1, predator=D: prey=0.875224, predator=1.038850
  Finished case 14/36: prey=P1, predator=P1: prey=0.873749, predator=1.041861
  Finished case 15/36: prey=P1, predator=N: prey=0.888908, predator=1.037581
  Finished case 16/36: prey=P1, predator=P2: prey=0.892556, predator=1.034695
  Finished case 17/36: prey=P1, predator=M1: prey=0.877252, predator=1.041148
  Finished case 18/36: prey=P1, predator=M2: prey=0.869551, predator=1.046376
  Finished case 19/36: prey=P2, predator=D: prey=0.817009, predator=1.065656
  Finished case 20/36: prey=P2, predator=N: prey=0.876181, predator=1.036672
  Finished case 21/36: prey=P2, predator=P2: prey=0.884315, predator=1.030588
  Finished case 22/36: prey=P2, predator=M1: prey=0.866394, predator=1.039688
  Finished case 23/36: prey=P2, predator=P1: prey=0.801021, predator=1.075404
  Finished case 24/36: prey=P2, predator=M2: prey=0.864233, predator=1.040288
  Finished case 25/36: prey=M1, predator=D: prey=0.869706, predator=1.039036
  Finished case 26/36: prey=M1, predator=N: prey=0.881335, predator=1.036842
  Finished case 27/36: prey=M1, predator=P1: prey=0.861284, predator=1.044701
  Finished case 28/36: prey=M1, predator=P2: prey=0.877255, predator=1.039442
  Finished case 29/36: prey=M1, predator=M1: prey=0.878853, predator=1.036383
  Finished case 30/36: prey=M2, predator=D: prey=0.821725, predator=1.065727
  Finished case 31/36: prey=M1, predator=M2: prey=0.818526, predator=1.070562
  Finished case 32/36: prey=M2, predator=N: prey=0.883579, predator=1.037511
  Finished case 33/36: prey=M2, predator=P1: prey=0.859889, predator=1.046000
  Finished case 34/36: prey=M2, predator=P2: prey=0.884171, predator=1.034567
  Finished case 35/36: prey=M2, predator=M2: prey=0.879138, predator=1.036095
  Finished case 36/36: prey=M2, predator=M1: prey=0.666679, predator=1.152998
  [15/121] w1=0.1, w2=0.3: prey=P1, predator=M2, equilibria=1
  Starting pair 16/121: w1=0.1, w2=0.4
  Solving 36 payoff case(s) with 4 worker(s).
  Finished case 1/36: prey=D, predator=D: prey=0.876156, predator=1.042398
  Finished case 2/36: prey=D, predator=P1: prey=0.859023, predator=1.053736
  Finished case 3/36: prey=D, predator=P2: prey=0.894592, predator=1.037397
  Finished case 4/36: prey=D, predator=N: prey=0.707159, predator=1.140527
  Finished case 5/36: prey=D, predator=M1: prey=0.870640, predator=1.047600
  Finished case 6/36: prey=N, predator=N: prey=0.857914, predator=1.042228
  Finished case 7/36: prey=D, predator=M2: prey=0.880943, predator=1.044771
  Finished case 8/36: prey=N, predator=D: prey=0.682018, predator=1.133268
  Finished case 9/36: prey=N, predator=P1: prey=0.778598, predator=1.082126
  Finished case 10/36: prey=N, predator=M1: prey=0.832298, predator=1.055487
  Finished case 11/36: prey=N, predator=P2: prey=0.846821, predator=1.047623
  Finished case 12/36: prey=N, predator=M2: prey=0.790241, predator=1.075977
  Finished case 13/36: prey=P1, predator=P1: prey=0.863333, predator=1.047518
  Finished case 14/36: prey=P1, predator=D: prey=0.873304, predator=1.039741
  Finished case 15/36: prey=P1, predator=N: prey=0.856217, predator=1.055235
  Finished case 16/36: prey=P1, predator=P2: prey=0.844922, predator=1.061864
  Finished case 17/36: prey=P1, predator=M2: prey=0.856859, predator=1.053100
  Finished case 18/36: prey=P1, predator=M1: prey=0.874049, predator=1.042957
  Finished case 19/36: prey=P2, predator=D: prey=0.817493, predator=1.065268
  Finished case 20/36: prey=P2, predator=N: prey=0.835112, predator=1.058974
  Finished case 21/36: prey=P2, predator=P2: prey=0.874567, predator=1.035962
  Finished case 22/36: prey=P2, predator=M1: prey=0.840152, predator=1.054154
  Finished case 23/36: prey=P2, predator=P1: prey=0.795071, predator=1.077911
  Finished case 24/36: prey=P2, predator=M2: prey=0.852028, predator=1.047030
  Finished case 25/36: prey=M1, predator=D: prey=0.867794, predator=1.039930
  Finished case 26/36: prey=M1, predator=N: prey=0.840321, predator=1.058971
  Finished case 27/36: prey=M1, predator=P1: prey=0.847352, predator=1.052396
  Finished case 28/36: prey=M1, predator=P2: prey=0.864399, predator=1.046332
  Finished case 29/36: prey=M1, predator=M1: prey=0.868651, predator=1.041972
  Finished case 30/36: prey=M2, predator=D: prey=0.822245, predator=1.065321
  Finished case 31/36: prey=M1, predator=M2: prey=0.737151, predator=1.115239
  Finished case 32/36: prey=M2, predator=N: prey=0.850930, predator=1.055262
  Finished case 33/36: prey=M2, predator=P1: prey=0.838063, predator=1.057841
  Finished case 34/36: prey=M2, predator=P2: prey=0.880633, predator=1.036601
  Finished case 35/36: prey=M2, predator=M2: prey=0.869084, predator=1.041590
  Finished case 36/36: prey=M2, predator=M1: prey=0.665756, predator=1.152788
  [16/121] w1=0.1, w2=0.4: prey=P1, predator=N, equilibria=1
  Starting pair 17/121: w1=0.1, w2=0.5
  Solving 36 payoff case(s) with 4 worker(s).
  Finished case 1/36: prey=D, predator=D: prey=0.873943, predator=1.043485
  Finished case 2/36: prey=D, predator=P1: prey=0.854370, predator=1.056581
  Finished case 3/36: prey=D, predator=P2: prey=0.882220, predator=1.044164
  Finished case 4/36: prey=D, predator=N: prey=0.654074, predator=1.167901
  Finished case 5/36: prey=D, predator=M1: prey=0.868210, predator=1.049073
  Finished case 6/36: prey=N, predator=N: prey=0.844837, predator=1.049283
  Finished case 7/36: prey=D, predator=M2: prey=0.867816, predator=1.051967
  Finished case 8/36: prey=N, predator=D: prey=0.691212, predator=1.128096
  Finished case 9/36: prey=N, predator=P1: prey=0.753874, predator=1.095173
  Finished case 10/36: prey=N, predator=P2: prey=0.836890, predator=1.052749
  Finished case 11/36: prey=N, predator=M1: prey=0.817460, predator=1.063383
  Finished case 12/36: prey=N, predator=M2: prey=0.767040, predator=1.088225
  Finished case 13/36: prey=P1, predator=D: prey=0.871459, predator=1.040589
  Finished case 14/36: prey=P1, predator=P1: prey=0.850998, predator=1.054224
  Finished case 15/36: prey=P1, predator=N: prey=0.837419, predator=1.065243
  Finished case 16/36: prey=P1, predator=P2: prey=0.835230, predator=1.066864
  Finished case 17/36: prey=P1, predator=M1: prey=0.868415, predator=1.046114
  Finished case 18/36: prey=P1, predator=M2: prey=0.849770, predator=1.056424
  Finished case 19/36: prey=P2, predator=D: prey=0.819634, predator=1.063930
  Finished case 20/36: prey=P2, predator=N: prey=0.808636, predator=1.073300
  Finished case 21/36: prey=P2, predator=P2: prey=0.863522, predator=1.042045
  Finished case 22/36: prey=P2, predator=M1: prey=0.825074, predator=1.062135
  Finished case 23/36: prey=P2, predator=P1: prey=0.749851, predator=1.102291
  Finished case 24/36: prey=P2, predator=M2: prey=0.841600, predator=1.052662
  Finished case 25/36: prey=M1, predator=D: prey=0.865917, predator=1.040800
  Finished case 26/36: prey=M1, predator=P1: prey=0.836561, predator=1.058161
  Finished case 27/36: prey=M1, predator=N: prey=0.813776, predator=1.073268
  Finished case 28/36: prey=M1, predator=P2: prey=0.856264, predator=1.050313
  Finished case 29/36: prey=M1, predator=M1: prey=0.857438, predator=1.048085
  Finished case 30/36: prey=M2, predator=D: prey=0.824405, predator=1.063981
  Finished case 31/36: prey=M1, predator=M2: prey=0.676334, predator=1.148201
  Finished case 32/36: prey=M2, predator=N: prey=0.832223, predator=1.065270
  Finished case 33/36: prey=M2, predator=P1: prey=0.821729, predator=1.066511
  Finished case 34/36: prey=M2, predator=P2: prey=0.874529, predator=1.040066
  Finished case 35/36: prey=M2, predator=M2: prey=0.856830, predator=1.048317
  Finished case 36/36: prey=M2, predator=M1: prey=0.664543, predator=1.152934
  [17/121] w1=0.1, w2=0.5: prey=P1, predator=N, equilibria=1
  Starting pair 18/121: w1=0.1, w2=0.6
  Solving 36 payoff case(s) with 4 worker(s).
  Finished case 1/36: prey=D, predator=D: prey=0.871194, predator=1.044863
  Finished case 2/36: prey=D, predator=P1: prey=0.850481, predator=1.058503
  Finished case 3/36: prey=D, predator=P2: prey=0.866664, predator=1.052674
  Finished case 4/36: prey=D, predator=N: prey=0.649157, predator=1.170163
  Finished case 5/36: prey=D, predator=M1: prey=0.862477, predator=1.051999
  Finished case 6/36: prey=N, predator=N: prey=0.835630, predator=1.054386
  Finished case 7/36: prey=D, predator=M2: prey=0.852259, predator=1.060426
  Finished case 8/36: prey=N, predator=D: prey=0.700636, predator=1.122844
  Finished case 9/36: prey=N, predator=P1: prey=0.734419, predator=1.105352
  Finished case 10/36: prey=N, predator=P2: prey=0.821927, predator=1.060691
  Finished case 11/36: prey=N, predator=M1: prey=0.800837, predator=1.072213
  Finished case 12/36: prey=N, predator=M2: prey=0.749103, predator=1.097614
  Finished case 13/36: prey=P1, predator=P1: prey=0.839090, predator=1.060734
  Finished case 14/36: prey=P1, predator=D: prey=0.869847, predator=1.041299
  Finished case 15/36: prey=P1, predator=N: prey=0.824319, predator=1.072361
  Finished case 16/36: prey=P1, predator=P2: prey=0.845825, predator=1.059896
  Finished case 17/36: prey=P1, predator=M1: prey=0.862089, predator=1.049410
  Finished case 18/36: prey=P1, predator=M2: prey=0.829300, predator=1.067173
  Finished case 19/36: prey=P2, predator=D: prey=0.823486, predator=1.061605
  Finished case 20/36: prey=P2, predator=N: prey=0.797009, predator=1.079583
  Finished case 21/36: prey=P2, predator=P2: prey=0.854121, predator=1.047217
  Finished case 22/36: prey=P2, predator=M1: prey=0.808632, predator=1.070798
  Finished case 23/36: prey=P2, predator=P1: prey=0.729758, predator=1.113011
  Finished case 24/36: prey=P2, predator=M2: prey=0.828604, predator=1.059871
  Finished case 25/36: prey=M1, predator=D: prey=0.864285, predator=1.041525
  Finished case 26/36: prey=M1, predator=N: prey=0.802116, predator=1.079532
  Finished case 27/36: prey=M1, predator=P1: prey=0.824293, predator=1.064840
  Finished case 28/36: prey=M1, predator=P2: prey=0.835293, predator=1.061437
  Finished case 29/36: prey=M1, predator=M1: prey=0.847485, predator=1.053502
  Finished case 30/36: prey=M2, predator=D: prey=0.828289, predator=1.061653
  Finished case 31/36: prey=M1, predator=M2: prey=0.639693, predator=1.167695
  Finished case 32/36: prey=M2, predator=N: prey=0.819211, predator=1.072382
  Finished case 33/36: prey=M2, predator=P1: prey=0.804131, predator=1.075811
  Finished case 34/36: prey=M2, predator=P2: prey=0.872253, predator=1.041058
  Finished case 35/36: prey=M2, predator=M1: prey=0.666675, predator=1.151415
  Finished case 36/36: prey=M2, predator=M2: prey=0.845390, predator=1.054637
  [18/121] w1=0.1, w2=0.6: prey=P1, predator=N, equilibria=1
  Starting pair 19/121: w1=0.1, w2=0.7
  Solving 36 payoff case(s) with 4 worker(s).
  Finished case 1/36: prey=D, predator=D: prey=0.867694, predator=1.046644
  Finished case 2/36: prey=D, predator=P2: prey=0.853136, predator=1.060138
  Finished case 3/36: prey=D, predator=P1: prey=0.854523, predator=1.055964
  Finished case 4/36: prey=D, predator=N: prey=0.691667, predator=1.147796
  Finished case 5/36: prey=D, predator=M1: prey=0.864713, predator=1.050464
  Finished case 6/36: prey=N, predator=N: prey=0.830366, predator=1.057638
  Finished case 7/36: prey=D, predator=M2: prey=0.838052, predator=1.068260
  Finished case 8/36: prey=N, predator=D: prey=0.709685, predator=1.117866
  Finished case 9/36: prey=N, predator=P1: prey=0.720833, predator=1.112539
  Finished case 10/36: prey=N, predator=P2: prey=0.811772, predator=1.065817
  Finished case 11/36: prey=N, predator=M1: prey=0.795752, predator=1.074279
  Finished case 12/36: prey=N, predator=M2: prey=0.736764, predator=1.104149
  Finished case 13/36: prey=P1, predator=D: prey=0.867992, predator=1.042140
  Finished case 14/36: prey=P1, predator=P1: prey=0.830801, predator=1.065287
  Finished case 15/36: prey=P1, predator=N: prey=0.818398, predator=1.075906
  Finished case 16/36: prey=P1, predator=P2: prey=0.817512, predator=1.075140
  Finished case 17/36: prey=P1, predator=M1: prey=0.862761, predator=1.048737
  Finished case 18/36: prey=P1, predator=M2: prey=0.792672, predator=1.087047
  Finished case 19/36: prey=P2, predator=D: prey=0.828948, predator=1.058339
  Finished case 20/36: prey=P2, predator=N: prey=0.799199, predator=1.078646
  Finished case 21/36: prey=P2, predator=P2: prey=0.848051, predator=1.050556
  Finished case 22/36: prey=P2, predator=M1: prey=0.802592, predator=1.073416
  Finished case 23/36: prey=P2, predator=P1: prey=0.754719, predator=1.098904
  Finished case 24/36: prey=P2, predator=M2: prey=0.819631, predator=1.064895
  Finished case 25/36: prey=M1, predator=D: prey=0.862450, predator=1.042355
  Finished case 26/36: prey=M1, predator=N: prey=0.804261, predator=1.078618
  Finished case 27/36: prey=M1, predator=P1: prey=0.813400, predator=1.070892
  Finished case 28/36: prey=M1, predator=P2: prey=0.798954, predator=1.081324
  Finished case 29/36: prey=M1, predator=M1: prey=0.840115, predator=1.057535
  Finished case 30/36: prey=M2, predator=D: prey=0.833760, predator=1.058406
  Finished case 31/36: prey=M1, predator=M2: prey=0.620997, predator=1.177332
  Finished case 32/36: prey=M2, predator=N: prey=0.813337, predator=1.075921
  Finished case 33/36: prey=M2, predator=P1: prey=0.798151, predator=1.078357
  Finished case 34/36: prey=M2, predator=P2: prey=0.873043, predator=1.040359
  Finished case 35/36: prey=M2, predator=M2: prey=0.838754, predator=1.058293
  Finished case 36/36: prey=M2, predator=M1: prey=0.673233, predator=1.147660
  [19/121] w1=0.1, w2=0.7: prey=P1, predator=M2, equilibria=1
  Starting pair 20/121: w1=0.1, w2=0.8
  Solving 36 payoff case(s) with 4 worker(s).
  Finished case 1/36: prey=D, predator=D: prey=0.863164, predator=1.048975
  Finished case 2/36: prey=D, predator=P1: prey=0.854737, predator=1.055866
  Finished case 3/36: prey=D, predator=P2: prey=0.843298, predator=1.065660
  Finished case 4/36: prey=D, predator=N: prey=0.773244, predator=1.104994
  Finished case 5/36: prey=D, predator=M1: prey=0.864919, predator=1.050352
  Finished case 6/36: prey=D, predator=M2: prey=0.827559, predator=1.074175
  Finished case 7/36: prey=N, predator=N: prey=0.829042, predator=1.059286
  Finished case 8/36: prey=N, predator=D: prey=0.718569, predator=1.113060
  Finished case 9/36: prey=N, predator=P1: prey=0.716237, predator=1.115027
  Finished case 10/36: prey=N, predator=P2: prey=0.792798, predator=1.076309
  Finished case 11/36: prey=N, predator=M1: prey=0.772012, predator=1.087432
  Finished case 12/36: prey=N, predator=M2: prey=0.732140, predator=1.106689
  Finished case 13/36: prey=P1, predator=P1: prey=0.827535, predator=1.067046
  Finished case 14/36: prey=P1, predator=D: prey=0.864972, predator=1.043622
  Finished case 15/36: prey=P1, predator=N: prey=0.830026, predator=1.070402
  Finished case 16/36: prey=P1, predator=P2: prey=0.810103, predator=1.078917
  Finished case 17/36: prey=P1, predator=M1: prey=0.862250, predator=1.048961
  Finished case 18/36: prey=P1, predator=M2: prey=0.767110, predator=1.100825
  Finished case 19/36: prey=P2, predator=D: prey=0.835818, predator=1.054217
  Finished case 20/36: prey=P2, predator=N: prey=0.819505, predator=1.068379
  Finished case 21/36: prey=P2, predator=P2: prey=0.845106, predator=1.052179
  Finished case 22/36: prey=P2, predator=P1: prey=0.784074, predator=1.082647
  Finished case 23/36: prey=P2, predator=M1: prey=0.778443, predator=1.086716
  Finished case 24/36: prey=P2, predator=M2: prey=0.813536, predator=1.068391
  Finished case 25/36: prey=M1, predator=D: prey=0.859352, predator=1.043886
  Finished case 26/36: prey=M1, predator=N: prey=0.824605, predator=1.068385
  Finished case 27/36: prey=M1, predator=P1: prey=0.805707, predator=1.075241
  Finished case 28/36: prey=M1, predator=P2: prey=0.773930, predator=1.094919
  Finished case 29/36: prey=M1, predator=M1: prey=0.836102, predator=1.059730
  Finished case 30/36: prey=M2, predator=D: prey=0.840536, predator=1.054375
  Finished case 31/36: prey=M1, predator=M2: prey=0.614640, predator=1.180603
  Finished case 32/36: prey=M2, predator=N: prey=0.824887, predator=1.070423
  Finished case 33/36: prey=M2, predator=P1: prey=0.776081, predator=1.090374
  Finished case 34/36: prey=M2, predator=P2: prey=0.872289, predator=1.040764
  Finished case 35/36: prey=M2, predator=M2: prey=0.836607, predator=1.059453
  Finished case 36/36: prey=M2, predator=M1: prey=0.685131, predator=1.141205
  [20/121] w1=0.1, w2=0.8: prey=P2, predator=N, equilibria=1
  Starting pair 21/121: w1=0.1, w2=0.9
  Solving 36 payoff case(s) with 4 worker(s).
  Finished case 1/36: prey=D, predator=D: prey=0.857271, predator=1.052032
  Finished case 2/36: prey=D, predator=P2: prey=0.835809, predator=1.069975
  Finished case 3/36: prey=D, predator=P1: prey=0.857249, predator=1.054688
  Finished case 4/36: prey=D, predator=N: prey=0.843097, predator=1.069365
  Finished case 5/36: prey=D, predator=M1: prey=0.867037, predator=1.049393
  Finished case 6/36: prey=N, predator=N: prey=0.845077, predator=1.052491
  Finished case 7/36: prey=D, predator=M2: prey=0.819818, predator=1.078666
  Finished case 8/36: prey=N, predator=D: prey=0.728181, predator=1.107960
  Finished case 9/36: prey=N, predator=P1: prey=0.718524, predator=1.114178
  Finished case 10/36: prey=N, predator=P2: prey=0.782512, predator=1.082054
  Finished case 11/36: prey=N, predator=M1: prey=0.756971, predator=1.095848
  Finished case 12/36: prey=N, predator=M2: prey=0.735897, predator=1.104925
  Finished case 13/36: prey=P1, predator=P1: prey=0.826545, predator=1.067623
  Finished case 14/36: prey=P1, predator=D: prey=0.858602, predator=1.046960
  Finished case 15/36: prey=P1, predator=N: prey=0.852908, predator=1.060017
  Finished case 16/36: prey=P1, predator=P2: prey=0.819680, predator=1.073542
  Finished case 17/36: prey=P1, predator=M1: prey=0.863073, predator=1.048647
  Finished case 18/36: prey=P1, predator=M2: prey=0.744664, predator=1.112706
  Finished case 19/36: prey=P2, predator=D: prey=0.841886, predator=1.050472
  Finished case 20/36: prey=P2, predator=N: prey=0.840186, predator=1.059262
  Finished case 21/36: prey=P2, predator=P2: prey=0.843943, predator=1.052889
  Finished case 22/36: prey=P2, predator=M1: prey=0.763438, predator=1.095063
  Finished case 23/36: prey=P2, predator=P1: prey=0.786633, predator=1.080880
  Finished case 24/36: prey=P2, predator=M2: prey=0.808365, predator=1.071462
  Finished case 25/36: prey=M1, predator=D: prey=0.852840, predator=1.047325
  Finished case 26/36: prey=M1, predator=N: prey=0.845758, predator=1.059093
  Finished case 27/36: prey=M1, predator=P1: prey=0.799361, predator=1.078927
  Finished case 28/36: prey=M1, predator=P2: prey=0.751099, predator=1.107111
  Finished case 29/36: prey=M1, predator=M1: prey=0.834442, predator=1.060688
  Finished case 30/36: prey=M2, predator=D: prey=0.846937, predator=1.050479
  Finished case 31/36: prey=M1, predator=M2: prey=0.618896, predator=1.178448
  Finished case 32/36: prey=M2, predator=N: prey=0.847429, predator=1.060130
  Finished case 33/36: prey=M2, predator=P1: prey=0.761954, predator=1.098193
  Finished case 34/36: prey=M2, predator=P2: prey=0.872999, predator=1.040546
  Finished case 35/36: prey=M2, predator=M2: prey=0.836096, predator=1.059793
  Finished case 36/36: prey=M2, predator=M1: prey=0.702886, predator=1.131774
  [21/121] w1=0.1, w2=0.9: prey=D, predator=M2, equilibria=1
  Starting pair 22/121: w1=0.1, w2=1
  Solving 36 payoff case(s) with 4 worker(s).
  Finished case 1/36: prey=D, predator=D: prey=0.849715, predator=1.055970
  Finished case 2/36: prey=D, predator=P2: prey=0.833426, predator=1.071511
  Finished case 3/36: prey=D, predator=P1: prey=0.856885, predator=1.055390
  Finished case 4/36: prey=D, predator=N: prey=0.988862, predator=0.990646
  Finished case 5/36: prey=D, predator=M1: prey=0.869217, predator=1.048583
  Finished case 6/36: prey=N, predator=N: prey=0.965575, predator=0.987385
  Finished case 7/36: prey=D, predator=M2: prey=0.818034, predator=1.079888
  Finished case 8/36: prey=N, predator=D: prey=0.737099, predator=1.103529
  Finished case 9/36: prey=N, predator=P1: prey=0.693809, predator=1.127689
  Finished case 10/36: prey=N, predator=P2: prey=0.782344, predator=1.082317
  Finished case 11/36: prey=N, predator=M1: prey=0.754649, predator=1.097293
  Finished case 12/36: prey=N, predator=M2: prey=0.718023, predator=1.114801
  Finished case 13/36: prey=P1, predator=P1: prey=0.826645, predator=1.067705
  Finished case 14/36: prey=P1, predator=D: prey=0.847938, predator=1.052687
  Finished case 15/36: prey=P1, predator=N: prey=0.983460, predator=0.989423
  Finished case 16/36: prey=P1, predator=P2: prey=0.801520, predator=1.083316
  Finished case 17/36: prey=P1, predator=M1: prey=0.864381, predator=1.048226
  Finished case 18/36: prey=P1, predator=M2: prey=0.684166, predator=1.146135
  Finished case 19/36: prey=P2, predator=D: prey=0.843311, predator=1.049298
  Finished case 20/36: prey=P2, predator=N: prey=0.971652, predator=0.988156
  Finished case 21/36: prey=P2, predator=P2: prey=0.843780, predator=1.053145
  Finished case 22/36: prey=P2, predator=M1: prey=0.761383, predator=1.096373
  Finished case 23/36: prey=P2, predator=P1: prey=0.772083, predator=1.089447
  Finished case 24/36: prey=P2, predator=M2: prey=0.805852, predator=1.073116
  Finished case 25/36: prey=M1, predator=D: prey=0.842165, predator=1.053099
  Finished case 26/36: prey=M1, predator=N: prey=0.977663, predator=0.988158
  Finished case 27/36: prey=M1, predator=P1: prey=0.795756, predator=1.081158
  Finished case 28/36: prey=M1, predator=P2: prey=0.691043, predator=1.140542
  Finished case 29/36: prey=M1, predator=M1: prey=0.834009, predator=1.061069
  Finished case 30/36: prey=M2, predator=D: prey=0.849048, predator=1.048936
  Finished case 31/36: prey=M1, predator=M2: prey=0.620168, predator=1.178410
  Finished case 32/36: prey=M2, predator=N: prey=0.977453, predator=0.989419
  Finished case 33/36: prey=M2, predator=P1: prey=0.760459, predator=1.099208
  Finished case 34/36: prey=M2, predator=M2: prey=0.836449, predator=1.059761
  Finished case 35/36: prey=M2, predator=P2: prey=0.873422, predator=1.040659
  Finished case 36/36: prey=M2, predator=M1: prey=0.725884, predator=1.119641
  [22/121] w1=0.1, w2=1: prey=D, predator=M2, equilibria=1
  Starting pair 23/121: w1=0.2, w2=0
  Solving 36 payoff case(s) with 4 worker(s).
  Finished case 1/36: prey=D, predator=D: prey=0.881732, predator=1.039636
  Finished case 2/36: prey=D, predator=P1: prey=0.863789, predator=1.051034
  Finished case 3/36: prey=D, predator=P2: prey=0.909381, predator=1.029563
  Finished case 4/36: prey=D, predator=N: prey=0.881968, predator=1.045709
  Finished case 5/36: prey=D, predator=M1: prey=0.880329, predator=1.041944
  Finished case 6/36: prey=D, predator=M2: prey=0.897713, predator=1.035719
  Finished case 7/36: prey=N, predator=N: prey=0.931174, predator=1.002405
  Finished case 8/36: prey=N, predator=D: prey=0.660553, predator=1.146586
  Finished case 9/36: prey=N, predator=P1: prey=0.857521, predator=1.041542
  Finished case 10/36: prey=N, predator=P2: prey=0.907609, predator=1.014926
  Finished case 11/36: prey=N, predator=M1: prey=0.895241, predator=1.021658
  Finished case 12/36: prey=N, predator=M2: prey=0.870757, predator=1.034222
  Finished case 13/36: prey=P1, predator=P1: prey=0.906066, predator=1.024340
  Finished case 14/36: prey=P1, predator=D: prey=0.883839, predator=1.034509
  Finished case 15/36: prey=P1, predator=N: prey=0.950907, predator=1.004391
  Finished case 16/36: prey=P1, predator=P2: prey=0.929813, predator=1.014609
  Finished case 17/36: prey=P1, predator=M1: prey=0.914472, predator=1.020753
  Finished case 18/36: prey=P1, predator=M2: prey=0.911617, predator=1.023640
  Finished case 19/36: prey=P2, predator=D: prey=0.846748, predator=1.049939
  Finished case 20/36: prey=P2, predator=N: prey=0.920366, predator=1.013010
  Finished case 21/36: prey=P2, predator=P2: prey=0.912410, predator=1.015259
  Finished case 22/36: prey=P2, predator=P1: prey=0.843848, predator=1.052019
  Finished case 23/36: prey=P2, predator=M1: prey=0.896113, predator=1.024000
  Finished case 24/36: prey=P2, predator=M2: prey=0.889968, predator=1.025792
  Finished case 25/36: prey=M1, predator=D: prey=0.878329, predator=1.034661
  Finished case 26/36: prey=M1, predator=N: prey=0.926533, predator=1.012733
  Finished case 27/36: prey=M1, predator=P1: prey=0.889630, predator=1.028762
  Finished case 28/36: prey=M1, predator=P2: prey=0.916387, predator=1.018215
  Finished case 29/36: prey=M1, predator=M1: prey=0.909865, predator=1.019470
  Finished case 30/36: prey=M2, predator=D: prey=0.851235, predator=1.050254
  Finished case 31/36: prey=M1, predator=M2: prey=0.873395, predator=1.040185
  Finished case 32/36: prey=M2, predator=N: prey=0.944911, predator=1.004522
  Finished case 33/36: prey=M2, predator=P1: prey=0.893554, predator=1.028136
  Finished case 34/36: prey=M2, predator=P2: prey=0.917435, predator=1.016321
  Finished case 35/36: prey=M2, predator=M2: prey=0.908276, predator=1.020319
  Finished case 36/36: prey=M2, predator=M1: prey=0.775736, predator=1.093382
  [23/121] w1=0.2, w2=0: prey=P1, predator=D, equilibria=1
  Starting pair 24/121: w1=0.2, w2=0.1
  Solving 36 payoff case(s) with 4 worker(s).
  Finished case 1/36: prey=D, predator=D: prey=0.880859, predator=1.039979
  Finished case 2/36: prey=D, predator=P2: prey=0.906498, predator=1.030991
  Finished case 3/36: prey=D, predator=P1: prey=0.856080, predator=1.055410
  Finished case 4/36: prey=D, predator=N: prey=0.853223, predator=1.061607
  Finished case 5/36: prey=D, predator=M1: prey=0.873935, predator=1.045535
  Finished case 6/36: prey=N, predator=N: prey=0.920825, predator=1.008163
  Finished case 7/36: prey=D, predator=M2: prey=0.894709, predator=1.037225
  Finished case 8/36: prey=N, predator=D: prey=0.663035, predator=1.145013
  Finished case 9/36: prey=N, predator=P1: prey=0.849603, predator=1.045546
  Finished case 10/36: prey=N, predator=M1: prey=0.884481, predator=1.027652
  Finished case 11/36: prey=N, predator=P2: prey=0.898134, predator=1.020171
  Finished case 12/36: prey=N, predator=M2: prey=0.862926, predator=1.038199
  Finished case 13/36: prey=P1, predator=P1: prey=0.900094, predator=1.027640
  Finished case 14/36: prey=P1, predator=D: prey=0.881827, predator=1.035466
  Finished case 15/36: prey=P1, predator=N: prey=0.938816, predator=1.010889
  Finished case 16/36: prey=P1, predator=P2: prey=0.922685, predator=1.018365
  Finished case 17/36: prey=P1, predator=M1: prey=0.905910, predator=1.025607
  Finished case 18/36: prey=P1, predator=M2: prey=0.901219, predator=1.029233
  Finished case 19/36: prey=P2, predator=D: prey=0.843498, predator=1.051710
  Finished case 20/36: prey=P2, predator=N: prey=0.910330, predator=1.018438
  Finished case 21/36: prey=P2, predator=P2: prey=0.907857, predator=1.017759
  Finished case 22/36: prey=P2, predator=M1: prey=0.888357, predator=1.028372
  Finished case 23/36: prey=P2, predator=P1: prey=0.838153, predator=1.055173
  Finished case 24/36: prey=P2, predator=M2: prey=0.884752, predator=1.028729
  Finished case 25/36: prey=M1, predator=D: prey=0.876357, predator=1.035602
  Finished case 26/36: prey=M1, predator=N: prey=0.916616, predator=1.018074
  Finished case 27/36: prey=M1, predator=P1: prey=0.883983, predator=1.031938
  Finished case 28/36: prey=M1, predator=M1: prey=0.904845, predator=1.022226
  Finished case 29/36: prey=M1, predator=P2: prey=0.906921, predator=1.023303
  Finished case 30/36: prey=M2, predator=D: prey=0.848047, predator=1.051978
  Finished case 31/36: prey=M1, predator=M2: prey=0.870594, predator=1.041524
  Finished case 32/36: prey=M2, predator=N: prey=0.932884, predator=1.011012
  Finished case 33/36: prey=M2, predator=P1: prey=0.886997, predator=1.031769
  Finished case 34/36: prey=M2, predator=P2: prey=0.909906, predator=1.020591
  Finished case 35/36: prey=M2, predator=M2: prey=0.902749, predator=1.023373
  Finished case 36/36: prey=M2, predator=M1: prey=0.749219, predator=1.108070
  [24/121] w1=0.2, w2=0.1: prey=P1, predator=D, equilibria=1
  Starting pair 25/121: w1=0.2, w2=0.2
  Solving 36 payoff case(s) with 4 worker(s).
  Finished case 1/36: prey=D, predator=D: prey=0.879963, predator=1.040345
  Finished case 2/36: prey=D, predator=P2: prey=0.903334, predator=1.032588
  Finished case 3/36: prey=D, predator=P1: prey=0.860275, predator=1.052737
  Finished case 4/36: prey=D, predator=N: prey=0.797325, predator=1.092673
  Finished case 5/36: prey=D, predator=M1: prey=0.871586, predator=1.046763
  Finished case 6/36: prey=D, predator=M2: prey=0.891137, predator=1.039071
  Finished case 7/36: prey=N, predator=N: prey=0.903532, predator=1.017760
  Finished case 8/36: prey=N, predator=D: prey=0.666615, predator=1.142866
  Finished case 9/36: prey=N, predator=P1: prey=0.839036, predator=1.050835
  Finished case 10/36: prey=N, predator=P2: prey=0.890819, predator=1.024036
  Finished case 11/36: prey=N, predator=M1: prey=0.876864, predator=1.031685
  Finished case 12/36: prey=N, predator=M2: prey=0.851499, predator=1.044027
  Finished case 13/36: prey=P1, predator=D: prey=0.879725, predator=1.036477
  Finished case 14/36: prey=P1, predator=P1: prey=0.891278, predator=1.032524
  Finished case 15/36: prey=P1, predator=N: prey=0.926063, predator=1.017665
  Finished case 16/36: prey=P1, predator=P2: prey=0.912138, predator=1.024081
  Finished case 17/36: prey=P1, predator=M1: prey=0.897240, predator=1.030435
  Finished case 18/36: prey=P1, predator=M2: prey=0.888190, predator=1.036297
  Finished case 19/36: prey=P2, predator=D: prey=0.841559, predator=1.052733
  Finished case 20/36: prey=P2, predator=N: prey=0.903117, predator=1.022184
  Finished case 21/36: prey=P2, predator=P2: prey=0.900673, predator=1.021748
  Finished case 22/36: prey=P2, predator=M1: prey=0.880072, predator=1.032981
  Finished case 23/36: prey=P2, predator=P1: prey=0.836640, predator=1.055845
  Finished case 24/36: prey=P2, predator=M2: prey=0.877074, predator=1.033052
  Finished case 25/36: prey=M1, predator=D: prey=0.874278, predator=1.036608
  Finished case 26/36: prey=M1, predator=N: prey=0.909556, predator=1.021725
  Finished case 27/36: prey=M1, predator=P1: prey=0.875385, predator=1.036778
  Finished case 28/36: prey=M1, predator=P2: prey=0.895045, predator=1.029744
  Finished case 29/36: prey=M1, predator=M1: prey=0.896661, predator=1.026773
  Finished case 30/36: prey=M2, predator=D: prey=0.846191, predator=1.052949
  Finished case 31/36: prey=M1, predator=M2: prey=0.863177, predator=1.045474
  Finished case 32/36: prey=M2, predator=N: prey=0.919927, predator=1.017934
  Finished case 33/36: prey=M2, predator=P1: prey=0.877936, predator=1.036796
  Finished case 34/36: prey=M2, predator=P2: prey=0.903358, predator=1.024215
  Finished case 35/36: prey=M2, predator=M2: prey=0.895114, predator=1.027589
  Finished case 36/36: prey=M2, predator=M1: prey=0.709332, predator=1.130428
  [25/121] w1=0.2, w2=0.2: prey=P1, predator=D, equilibria=1
  Starting pair 26/121: w1=0.2, w2=0.3
  Solving 36 payoff case(s) with 4 worker(s).
  Finished case 1/36: prey=D, predator=D: prey=0.879000, predator=1.040756
  Finished case 2/36: prey=D, predator=P2: prey=0.899293, predator=1.034705
  Finished case 3/36: prey=D, predator=P1: prey=0.860617, predator=1.052516
  Finished case 4/36: prey=D, predator=N: prey=0.753211, predator=1.116420
  Finished case 5/36: prey=D, predator=M1: prey=0.870793, predator=1.047232
  Finished case 6/36: prey=N, predator=N: prey=0.883678, predator=1.028624
  Finished case 7/36: prey=D, predator=M2: prey=0.886062, predator=1.041813
  Finished case 8/36: prey=N, predator=D: prey=0.671186, predator=1.140210
  Finished case 9/36: prey=N, predator=P1: prey=0.823639, predator=1.058694
  Finished case 10/36: prey=N, predator=M1: prey=0.869925, predator=1.035170
  Finished case 11/36: prey=N, predator=P2: prey=0.879407, predator=1.030142
  Finished case 12/36: prey=N, predator=M2: prey=0.834933, predator=1.052627
  Finished case 13/36: prey=P1, predator=P1: prey=0.881090, predator=1.038093
  Finished case 14/36: prey=P1, predator=D: prey=0.877556, predator=1.037534
  Finished case 15/36: prey=P1, predator=N: prey=0.900007, predator=1.031813
  Finished case 16/36: prey=P1, predator=P2: prey=0.900421, predator=1.030381
  Finished case 17/36: prey=P1, predator=M1: prey=0.891041, predator=1.033834
  Finished case 18/36: prey=P1, predator=M2: prey=0.873515, predator=1.044238
  Finished case 19/36: prey=P2, predator=D: prey=0.841089, predator=1.052914
  Finished case 20/36: prey=P2, predator=N: prey=0.877621, predator=1.036011
  Finished case 21/36: prey=P2, predator=P2: prey=0.891384, predator=1.026887
  Finished case 22/36: prey=P2, predator=M1: prey=0.878845, predator=1.033334
  Finished case 23/36: prey=P2, predator=P1: prey=0.816049, predator=1.067173
  Finished case 24/36: prey=P2, predator=M2: prey=0.866469, predator=1.038998
  Finished case 25/36: prey=M1, predator=D: prey=0.872112, predator=1.037670
  Finished case 26/36: prey=M1, predator=N: prey=0.882827, predator=1.036155
  Finished case 27/36: prey=M1, predator=P1: prey=0.863258, predator=1.043577
  Finished case 28/36: prey=M1, predator=P2: prey=0.881165, predator=1.037290
  Finished case 29/36: prey=M1, predator=M1: prey=0.886225, predator=1.032542
  Finished case 30/36: prey=M2, predator=D: prey=0.845790, predator=1.053092
  Finished case 31/36: prey=M1, predator=M2: prey=0.825401, predator=1.066518
  Finished case 32/36: prey=M2, predator=N: prey=0.894552, predator=1.031781
  Finished case 33/36: prey=M2, predator=P1: prey=0.872286, predator=1.039744
  Finished case 34/36: prey=M2, predator=P2: prey=0.897364, predator=1.027540
  Finished case 35/36: prey=M2, predator=M2: prey=0.886173, predator=1.032467
  Finished case 36/36: prey=M2, predator=M1: prey=0.685685, predator=1.143417
  [26/121] w1=0.2, w2=0.3: prey=P1, predator=M2, equilibria=1
  Starting pair 27/121: w1=0.2, w2=0.4
  Solving 36 payoff case(s) with 4 worker(s).
  Finished case 1/36: prey=D, predator=D: prey=0.877914, predator=1.041240
  Finished case 2/36: prey=D, predator=P2: prey=0.893296, predator=1.037916
  Finished case 3/36: prey=D, predator=P1: prey=0.860495, predator=1.052764
  Finished case 4/36: prey=D, predator=N: prey=0.691732, predator=1.148507
  Finished case 5/36: prey=D, predator=M1: prey=0.871874, predator=1.046762
  Finished case 6/36: prey=N, predator=N: prey=0.866254, predator=1.037993
  Finished case 7/36: prey=D, predator=M2: prey=0.879862, predator=1.045152
  Finished case 8/36: prey=N, predator=D: prey=0.676629, predator=1.137118
  Finished case 9/36: prey=N, predator=P1: prey=0.802004, predator=1.070025
  Finished case 10/36: prey=N, predator=P2: prey=0.859506, predator=1.041073
  Finished case 11/36: prey=N, predator=M1: prey=0.843381, predator=1.049886
  Finished case 12/36: prey=N, predator=M2: prey=0.813273, predator=1.064046
  Finished case 13/36: prey=P1, predator=D: prey=0.875442, predator=1.038566
  Finished case 14/36: prey=P1, predator=P1: prey=0.869152, predator=1.044568
  Finished case 15/36: prey=P1, predator=N: prey=0.867412, predator=1.049392
  Finished case 16/36: prey=P1, predator=P2: prey=0.854509, predator=1.056511
  Finished case 17/36: prey=P1, predator=M1: prey=0.884007, predator=1.037734
  Finished case 18/36: prey=P1, predator=M2: prey=0.860649, predator=1.051031
  Finished case 19/36: prey=P2, predator=D: prey=0.842269, predator=1.052144
  Finished case 20/36: prey=P2, predator=N: prey=0.835324, predator=1.058959
  Finished case 21/36: prey=P2, predator=P2: prey=0.880188, predator=1.033054
  Finished case 22/36: prey=P2, predator=M1: prey=0.853180, predator=1.047481
  Finished case 23/36: prey=P2, predator=P1: prey=0.807594, predator=1.071285
  Finished case 24/36: prey=P2, predator=M2: prey=0.855157, predator=1.045242
  Finished case 25/36: prey=M1, predator=D: prey=0.869972, predator=1.038725
  Finished case 26/36: prey=M1, predator=N: prey=0.840519, predator=1.058965
  Finished case 27/36: prey=M1, predator=P1: prey=0.850484, predator=1.050616
  Finished case 28/36: prey=M1, predator=P2: prey=0.868256, predator=1.044179
  Finished case 29/36: prey=M1, predator=M1: prey=0.874517, predator=1.038950
  Finished case 30/36: prey=M2, predator=D: prey=0.847004, predator=1.052310
  Finished case 31/36: prey=M1, predator=M2: prey=0.752500, predator=1.106906
  Finished case 32/36: prey=M2, predator=N: prey=0.862047, predator=1.049423
  Finished case 33/36: prey=M2, predator=P1: prey=0.850967, predator=1.051299
  Finished case 34/36: prey=M2, predator=P2: prey=0.890086, predator=1.031623
  Finished case 35/36: prey=M2, predator=M2: prey=0.874662, predator=1.038750
  Finished case 36/36: prey=M2, predator=M1: prey=0.688238, predator=1.141258
  [27/121] w1=0.2, w2=0.4: prey=P1, predator=P2, equilibria=1
  Starting pair 28/121: w1=0.2, w2=0.5
  Solving 36 payoff case(s) with 4 worker(s).
  Finished case 1/36: prey=D, predator=D: prey=0.876621, predator=1.041841
  Finished case 2/36: prey=D, predator=P2: prey=0.880757, predator=1.044810
  Finished case 3/36: prey=D, predator=P1: prey=0.854342, predator=1.056460
  Finished case 4/36: prey=D, predator=N: prey=0.642849, predator=1.173701
  Finished case 5/36: prey=D, predator=M1: prey=0.867954, predator=1.049081
  Finished case 6/36: prey=N, predator=N: prey=0.852155, predator=1.045563
  Finished case 7/36: prey=D, predator=M2: prey=0.866346, predator=1.052610
  Finished case 8/36: prey=N, predator=D: prey=0.682837, predator=1.133659
  Finished case 9/36: prey=N, predator=P1: prey=0.778900, predator=1.082185
  Finished case 10/36: prey=N, predator=P2: prey=0.849374, predator=1.046307
  Finished case 11/36: prey=N, predator=M1: prey=0.830584, predator=1.056598
  Finished case 12/36: prey=N, predator=M2: prey=0.791209, predator=1.075679
  Finished case 13/36: prey=P1, predator=P1: prey=0.855338, predator=1.052068
  Finished case 14/36: prey=P1, predator=D: prey=0.873612, predator=1.039441
  Finished case 15/36: prey=P1, predator=N: prey=0.847259, predator=1.060122
  Finished case 16/36: prey=P1, predator=P2: prey=0.840433, predator=1.063958
  Finished case 17/36: prey=P1, predator=M1: prey=0.874623, predator=1.042919
  Finished case 18/36: prey=P1, predator=M2: prey=0.850051, predator=1.056288
  Finished case 19/36: prey=P2, predator=D: prey=0.845294, predator=1.050296
  Finished case 20/36: prey=P2, predator=N: prey=0.805890, predator=1.074914
  Finished case 21/36: prey=P2, predator=P2: prey=0.867901, predator=1.039811
  Finished case 22/36: prey=P2, predator=M1: prey=0.838396, predator=1.055300
  Finished case 23/36: prey=P2, predator=P1: prey=0.771200, predator=1.090922
  Finished case 24/36: prey=P2, predator=M2: prey=0.843814, predator=1.051445
  Finished case 25/36: prey=M1, predator=D: prey=0.868086, predator=1.039638
  Finished case 26/36: prey=M1, predator=N: prey=0.810972, predator=1.074907
  Finished case 27/36: prey=M1, predator=P1: prey=0.838933, predator=1.056858
  Finished case 28/36: prey=M1, predator=P2: prey=0.856848, predator=1.049963
  Finished case 29/36: prey=M1, predator=M1: prey=0.861937, predator=1.045802
  Finished case 30/36: prey=M2, predator=D: prey=0.850082, predator=1.050451
  Finished case 31/36: prey=M1, predator=M2: prey=0.686579, predator=1.142810
  Finished case 32/36: prey=M2, predator=N: prey=0.842004, predator=1.060148
  Finished case 33/36: prey=M2, predator=P1: prey=0.835196, predator=1.059658
  Finished case 34/36: prey=M2, predator=P2: prey=0.880949, predator=1.036724
  Finished case 35/36: prey=M2, predator=M2: prey=0.861027, predator=1.046223
  Finished case 36/36: prey=M2, predator=M1: prey=0.687053, predator=1.141336
  [28/121] w1=0.2, w2=0.5: prey=P1, predator=N, equilibria=1
  Starting pair 29/121: w1=0.2, w2=0.6
  Solving 36 payoff case(s) with 4 worker(s).
  Finished case 1/36: prey=D, predator=D: prey=0.874994, predator=1.042626
  Finished case 2/36: prey=D, predator=P1: prey=0.849078, predator=1.059168
  Finished case 3/36: prey=D, predator=P2: prey=0.865762, predator=1.053038
  Finished case 4/36: prey=D, predator=N: prey=0.641217, predator=1.174285
  Finished case 5/36: prey=D, predator=M1: prey=0.861052, predator=1.052688
  Finished case 6/36: prey=N, predator=N: prey=0.842396, predator=1.050926
  Finished case 7/36: prey=D, predator=M2: prey=0.851375, predator=1.060779
  Finished case 8/36: prey=N, predator=D: prey=0.689777, predator=1.129864
  Finished case 9/36: prey=N, predator=P1: prey=0.759538, predator=1.092325
  Finished case 10/36: prey=N, predator=M1: prey=0.816581, predator=1.063917
  Finished case 11/36: prey=N, predator=P2: prey=0.836380, predator=1.053111
  Finished case 12/36: prey=N, predator=M2: prey=0.773119, predator=1.085155
  Finished case 13/36: prey=P1, predator=D: prey=0.872187, predator=1.040085
  Finished case 14/36: prey=P1, predator=P1: prey=0.842557, predator=1.059035
  Finished case 15/36: prey=P1, predator=N: prey=0.833822, predator=1.067386
  Finished case 16/36: prey=P1, predator=P2: prey=0.846408, predator=1.059453
  Finished case 17/36: prey=P1, predator=M1: prey=0.867493, predator=1.046678
  Finished case 18/36: prey=P1, predator=M2: prey=0.824759, predator=1.069624
  Finished case 19/36: prey=P2, predator=D: prey=0.849236, predator=1.047888
  Finished case 20/36: prey=P2, predator=N: prey=0.794012, predator=1.081297
  Finished case 21/36: prey=P2, predator=P2: prey=0.857799, predator=1.045351
  Finished case 22/36: prey=P2, predator=M1: prey=0.827244, predator=1.060922
  Finished case 23/36: prey=P2, predator=P1: prey=0.759932, predator=1.096808
  Finished case 24/36: prey=P2, predator=M2: prey=0.831519, predator=1.058274
  Finished case 25/36: prey=M1, predator=D: prey=0.866597, predator=1.040322
  Finished case 26/36: prey=M1, predator=N: prey=0.799071, predator=1.081263
  Finished case 27/36: prey=M1, predator=P1: prey=0.826749, predator=1.063523
  Finished case 28/36: prey=M1, predator=P2: prey=0.830665, predator=1.063934
  Finished case 29/36: prey=M1, predator=M1: prey=0.851130, predator=1.051672
  Finished case 30/36: prey=M2, predator=D: prey=0.854329, predator=1.047891
  Finished case 31/36: prey=M1, predator=M2: prey=0.645933, predator=1.164284
  Finished case 32/36: prey=M2, predator=N: prey=0.828653, predator=1.067409
  Finished case 33/36: prey=M2, predator=P1: prey=0.822199, predator=1.066332
  Finished case 34/36: prey=M2, predator=P2: prey=0.877313, predator=1.038504
  Finished case 35/36: prey=M2, predator=M2: prey=0.848930, predator=1.052880
  Finished case 36/36: prey=M2, predator=M1: prey=0.688499, predator=1.140151
  [29/121] w1=0.2, w2=0.6: prey=P1, predator=N, equilibria=1
  Starting pair 30/121: w1=0.2, w2=0.7
  Solving 36 payoff case(s) with 4 worker(s).
  Finished case 1/36: prey=D, predator=D: prey=0.872842, predator=1.043695
  Finished case 2/36: prey=D, predator=P2: prey=0.852984, predator=1.060117
  Finished case 3/36: prey=D, predator=P1: prey=0.854446, predator=1.055923
  Finished case 4/36: prey=D, predator=N: prey=0.684954, predator=1.151305
  Finished case 5/36: prey=D, predator=M1: prey=0.864552, predator=1.050480
  Finished case 6/36: prey=D, predator=M2: prey=0.837856, predator=1.068268
  Finished case 7/36: prey=N, predator=N: prey=0.836830, predator=1.054300
  Finished case 8/36: prey=N, predator=D: prey=0.697556, predator=1.125703
  Finished case 9/36: prey=N, predator=P1: prey=0.746090, predator=1.099363
  Finished case 10/36: prey=N, predator=P2: prey=0.824262, predator=1.059403
  Finished case 11/36: prey=N, predator=M1: prey=0.808433, predator=1.067799
  Finished case 12/36: prey=N, predator=M2: prey=0.760479, predator=1.091785
  Finished case 13/36: prey=P1, predator=D: prey=0.871056, predator=1.040556
  Finished case 14/36: prey=P1, predator=P1: prey=0.833944, predator=1.063729
  Finished case 15/36: prey=P1, predator=N: prey=0.828293, predator=1.070679
  Finished case 16/36: prey=P1, predator=P2: prey=0.818408, predator=1.074450
  Finished case 17/36: prey=P1, predator=M1: prey=0.867253, predator=1.046534
  Finished case 18/36: prey=P1, predator=M2: prey=0.790545, predator=1.087998
  Finished case 19/36: prey=P2, predator=D: prey=0.850945, predator=1.046720
  Finished case 20/36: prey=P2, predator=N: prey=0.797491, predator=1.079624
  Finished case 21/36: prey=P2, predator=P2: prey=0.851292, predator=1.048905
  Finished case 22/36: prey=P2, predator=M1: prey=0.815728, predator=1.066748
  Finished case 23/36: prey=P2, predator=P1: prey=0.782708, predator=1.083929
  Finished case 24/36: prey=P2, predator=M2: prey=0.822814, predator=1.063155
  Finished case 25/36: prey=M1, predator=D: prey=0.865417, predator=1.040820
  Finished case 26/36: prey=M1, predator=N: prey=0.802526, predator=1.079605
  Finished case 27/36: prey=M1, predator=P1: prey=0.816487, predator=1.069222
  Finished case 28/36: prey=M1, predator=P2: prey=0.797763, predator=1.081710
  Finished case 29/36: prey=M1, predator=M1: prey=0.843344, predator=1.055906
  Finished case 30/36: prey=M2, predator=D: prey=0.856683, predator=1.046366
  Finished case 31/36: prey=M1, predator=M2: prey=0.624668, predator=1.175203
  Finished case 32/36: prey=M2, predator=N: prey=0.823172, predator=1.070694
  Finished case 33/36: prey=M2, predator=P1: prey=0.811539, predator=1.071592
  Finished case 34/36: prey=M2, predator=P2: prey=0.877682, predator=1.038048
  Finished case 35/36: prey=M2, predator=M2: prey=0.841886, predator=1.056727
  Finished case 36/36: prey=M2, predator=M1: prey=0.694403, predator=1.136712
  [30/121] w1=0.2, w2=0.7: prey=P1, predator=M2, equilibria=1
  Starting pair 31/121: w1=0.2, w2=0.8
  Solving 36 payoff case(s) with 4 worker(s).
  Finished case 1/36: prey=D, predator=D: prey=0.869900, predator=1.045191
  Finished case 2/36: prey=D, predator=P1: prey=0.855219, predator=1.055547
  Finished case 3/36: prey=D, predator=P2: prey=0.843886, predator=1.065252
  Finished case 4/36: prey=D, predator=N: prey=0.768686, predator=1.107395
  Finished case 5/36: prey=D, predator=M1: prey=0.865397, predator=1.050038
  Finished case 6/36: prey=N, predator=N: prey=0.835731, predator=1.055770
  Finished case 7/36: prey=D, predator=M2: prey=0.828170, predator=1.073759
  Finished case 8/36: prey=N, predator=D: prey=0.706398, predator=1.121117
  Finished case 9/36: prey=N, predator=P1: prey=0.740624, predator=1.102207
  Finished case 10/36: prey=N, predator=P2: prey=0.807133, predator=1.068823
  Finished case 11/36: prey=N, predator=M1: prey=0.787028, predator=1.079607
  Finished case 12/36: prey=N, predator=M2: prey=0.754860, predator=1.094748
  Finished case 13/36: prey=P1, predator=P1: prey=0.829926, predator=1.065871
  Finished case 14/36: prey=P1, predator=D: prey=0.869930, predator=1.041005
  Finished case 15/36: prey=P1, predator=N: prey=0.839257, predator=1.065470
  Finished case 16/36: prey=P1, predator=P2: prey=0.810590, predator=1.078372
  Finished case 17/36: prey=P1, predator=M2: prey=0.767711, predator=1.100165
  Finished case 18/36: prey=P1, predator=M1: prey=0.866470, predator=1.046871
  Finished case 19/36: prey=P2, predator=D: prey=0.849304, predator=1.047414
  Finished case 20/36: prey=P2, predator=N: prey=0.820510, predator=1.067862
  Finished case 21/36: prey=P2, predator=P2: prey=0.847678, predator=1.050870
  Finished case 22/36: prey=P2, predator=M1: prey=0.793806, predator=1.078800
  Finished case 23/36: prey=P2, predator=P1: prey=0.800305, predator=1.074181
  Finished case 24/36: prey=P2, predator=M2: prey=0.816771, predator=1.066623
  Finished case 25/36: prey=M1, predator=D: prey=0.864222, predator=1.041307
  Finished case 26/36: prey=M1, predator=N: prey=0.825618, predator=1.067866
  Finished case 27/36: prey=M1, predator=P1: prey=0.808971, predator=1.073474
  Finished case 28/36: prey=M1, predator=P2: prey=0.775149, predator=1.093873
  Finished case 29/36: prey=M1, predator=M1: prey=0.838732, predator=1.058402
  Finished case 30/36: prey=M2, predator=D: prey=0.855602, predator=1.046740
  Finished case 31/36: prey=M1, predator=M2: prey=0.619703, predator=1.177603
  Finished case 32/36: prey=M2, predator=N: prey=0.834056, predator=1.065496
  Finished case 33/36: prey=M2, predator=P1: prey=0.791306, predator=1.082596
  Finished case 34/36: prey=M2, predator=P2: prey=0.876600, predator=1.038596
  Finished case 35/36: prey=M2, predator=M2: prey=0.838933, predator=1.058300
  Finished case 36/36: prey=M2, predator=M1: prey=0.705593, predator=1.130593
  [31/121] w1=0.2, w2=0.8: prey=P2, predator=M2, equilibria=1
  Starting pair 32/121: w1=0.2, w2=0.9
  Solving 36 payoff case(s) with 4 worker(s).
  Finished case 1/36: prey=D, predator=D: prey=0.865820, predator=1.047299
  Finished case 2/36: prey=D, predator=P1: prey=0.858061, predator=1.054209
  Finished case 3/36: prey=D, predator=P2: prey=0.836823, predator=1.069354
  Finished case 4/36: prey=D, predator=N: prey=0.841174, predator=1.070394
  Finished case 5/36: prey=D, predator=M1: prey=0.867827, predator=1.048926
  Finished case 6/36: prey=N, predator=N: prey=0.853048, predator=1.048101
  Finished case 7/36: prey=D, predator=M2: prey=0.820819, predator=1.078059
  Finished case 8/36: prey=N, predator=D: prey=0.713679, predator=1.117815
  Finished case 9/36: prey=N, predator=P1: prey=0.742631, predator=1.101269
  Finished case 10/36: prey=N, predator=P2: prey=0.797871, predator=1.073938
  Finished case 11/36: prey=N, predator=M1: prey=0.773640, predator=1.087037
  Finished case 12/36: prey=N, predator=M2: prey=0.757012, predator=1.093697
  Finished case 13/36: prey=P1, predator=D: prey=0.867050, predator=1.042408
  Finished case 14/36: prey=P1, predator=P1: prey=0.828097, predator=1.066866
  Finished case 15/36: prey=P1, predator=N: prey=0.858807, predator=1.056809
  Finished case 16/36: prey=P1, predator=P2: prey=0.815825, predator=1.075290
  Finished case 17/36: prey=P1, predator=M2: prey=0.747260, predator=1.110945
  Finished case 18/36: prey=P1, predator=M1: prey=0.866173, predator=1.047118
  Finished case 19/36: prey=P2, predator=D: prey=0.847151, predator=1.048304
  Finished case 20/36: prey=P2, predator=N: prey=0.842238, predator=1.058149
  Finished case 21/36: prey=P2, predator=P2: prey=0.845691, predator=1.051997
  Finished case 22/36: prey=P2, predator=P1: prey=0.800887, predator=1.073542
  Finished case 23/36: prey=P2, predator=M1: prey=0.780820, predator=1.085986
  Finished case 24/36: prey=P2, predator=M2: prey=0.812249, predator=1.069325
  Finished case 25/36: prey=M1, predator=D: prey=0.861185, predator=1.042806
  Finished case 26/36: prey=M1, predator=N: prey=0.847833, predator=1.057975
  Finished case 27/36: prey=M1, predator=P1: prey=0.803428, predator=1.076709
  Finished case 28/36: prey=M1, predator=M1: prey=0.836303, predator=1.059744
  Finished case 29/36: prey=M1, predator=P2: prey=0.754198, predator=1.105030
  Finished case 30/36: prey=M2, predator=D: prey=0.853759, predator=1.047455
  Finished case 31/36: prey=M1, predator=M2: prey=0.642812, predator=1.164679
  Finished case 32/36: prey=M2, predator=N: prey=0.853312, predator=1.056910
  Finished case 33/36: prey=M2, predator=P1: prey=0.779165, predator=1.089278
  Finished case 34/36: prey=M2, predator=P2: prey=0.876104, predator=1.038990
  Finished case 35/36: prey=M2, predator=M2: prey=0.837525, predator=1.059093
  Finished case 36/36: prey=M2, predator=M1: prey=0.722464, predator=1.121578
  [32/121] w1=0.2, w2=0.9: prey=D, predator=M2, equilibria=1
  Starting pair 33/121: w1=0.2, w2=1
  Solving 36 payoff case(s) with 4 worker(s).
  Finished case 1/36: prey=D, predator=D: prey=0.860226, predator=1.050218
  Finished case 2/36: prey=D, predator=P1: prey=0.858695, predator=1.054360
  Finished case 3/36: prey=D, predator=P2: prey=0.834390, predator=1.070945
  Finished case 4/36: prey=D, predator=N: prey=0.988703, predator=0.990745
  Finished case 5/36: prey=D, predator=M1: prey=0.870486, predator=1.047868
  Finished case 6/36: prey=N, predator=N: prey=0.965513, predator=0.987378
  Finished case 7/36: prey=D, predator=M2: prey=0.818861, predator=1.079407
  Finished case 8/36: prey=N, predator=D: prey=0.716181, predator=1.117384
  Finished case 9/36: prey=N, predator=P1: prey=0.720000, predator=1.113614
  Finished case 10/36: prey=N, predator=M1: prey=0.771038, predator=1.088570
  Finished case 11/36: prey=N, predator=P2: prey=0.797226, predator=1.074397
  Finished case 12/36: prey=N, predator=M2: prey=0.741205, predator=1.102357
  Finished case 13/36: prey=P1, predator=P1: prey=0.827366, predator=1.067360
  Finished case 14/36: prey=P1, predator=D: prey=0.859502, predator=1.046400
  Finished case 15/36: prey=P1, predator=N: prey=0.983606, predator=0.989317
  Finished case 16/36: prey=P1, predator=P2: prey=0.796538, predator=1.085708
  Finished case 17/36: prey=P1, predator=M2: prey=0.681306, predator=1.147395
  Finished case 18/36: prey=P1, predator=M1: prey=0.866663, predator=1.047071
  Finished case 19/36: prey=P2, predator=D: prey=0.843509, predator=1.049964
  Finished case 20/36: prey=P2, predator=N: prey=0.971652, predator=0.988148
  Finished case 21/36: prey=P2, predator=P2: prey=0.844742, predator=1.052648
  Finished case 22/36: prey=P2, predator=M1: prey=0.779017, predator=1.087123
  Finished case 23/36: prey=P2, predator=P1: prey=0.790247, predator=1.079874
  Finished case 24/36: prey=P2, predator=M2: prey=0.809852, predator=1.070923
  Finished case 25/36: prey=M1, predator=D: prey=0.853745, predator=1.046758
  Finished case 26/36: prey=M1, predator=N: prey=0.977663, predator=0.988150
  Finished case 27/36: prey=M1, predator=P1: prey=0.800109, predator=1.078788
  Finished case 28/36: prey=M1, predator=P2: prey=0.688728, predator=1.141483
  Finished case 29/36: prey=M1, predator=M1: prey=0.835138, predator=1.060486
  Finished case 30/36: prey=M2, predator=D: prey=0.850229, predator=1.049047
  Finished case 31/36: prey=M1, predator=M2: prey=0.616501, predator=1.180033
  Finished case 32/36: prey=M2, predator=N: prey=0.977598, predator=0.989314
  Finished case 33/36: prey=M2, predator=P1: prey=0.777937, predator=1.090110
  Finished case 34/36: prey=M2, predator=P2: prey=0.875897, predator=1.039373
  Finished case 35/36: prey=M2, predator=M2: prey=0.836990, predator=1.059509
  Finished case 36/36: prey=M2, predator=M1: prey=0.744346, predator=1.109984
  [33/121] w1=0.2, w2=1: prey=D, predator=M2, equilibria=1
  Starting pair 34/121: w1=0.3, w2=0
  Solving 36 payoff case(s) with 4 worker(s).
  Finished case 1/36: prey=D, predator=D: prey=0.880901, predator=1.039831
  Finished case 2/36: prey=D, predator=P1: prey=0.860603, predator=1.052520
  Finished case 3/36: prey=D, predator=P2: prey=0.905543, predator=1.031427
  Finished case 4/36: prey=D, predator=N: prey=0.839773, predator=1.069145
  Finished case 5/36: prey=D, predator=M1: prey=0.877367, predator=1.043312
  Finished case 6/36: prey=N, predator=N: prey=0.947132, predator=0.994267
  Finished case 7/36: prey=D, predator=M2: prey=0.894128, predator=1.037417
  Finished case 8/36: prey=N, predator=D: prey=0.676842, predator=1.138883
  Finished case 9/36: prey=N, predator=P1: prey=0.876799, predator=1.031271
  Finished case 10/36: prey=N, predator=P2: prey=0.917731, predator=1.010052
  Finished case 11/36: prey=N, predator=M1: prey=0.904967, predator=1.017073
  Finished case 12/36: prey=N, predator=M2: prey=0.888190, predator=1.024988
  Finished case 13/36: prey=P1, predator=P1: prey=0.916321, predator=1.018992
  Finished case 14/36: prey=P1, predator=D: prey=0.887547, predator=1.032419
  Finished case 15/36: prey=P1, predator=N: prey=0.967761, predator=0.995419
  Finished case 16/36: prey=P1, predator=P2: prey=0.937470, predator=1.010528
  Finished case 17/36: prey=P1, predator=M1: prey=0.929095, predator=1.013056
  Finished case 18/36: prey=P1, predator=M2: prey=0.916167, predator=1.021239
  Finished case 19/36: prey=P2, predator=D: prey=0.863004, predator=1.041397
  Finished case 20/36: prey=P2, predator=N: prey=0.924735, predator=1.010667
  Finished case 21/36: prey=P2, predator=P2: prey=0.922188, predator=1.010072
  Finished case 22/36: prey=P2, predator=M1: prey=0.907890, predator=1.018023
  Finished case 23/36: prey=P2, predator=P1: prey=0.853518, predator=1.046709
  Finished case 24/36: prey=P2, predator=M2: prey=0.893233, predator=1.023925
  Finished case 25/36: prey=M1, predator=D: prey=0.882094, predator=1.032525
  Finished case 26/36: prey=M1, predator=N: prey=0.930968, predator=1.010367
  Finished case 27/36: prey=M1, predator=P1: prey=0.893282, predator=1.026696
  Finished case 28/36: prey=M1, predator=P2: prey=0.920579, predator=1.015973
  Finished case 29/36: prey=M1, predator=M1: prey=0.920132, predator=1.014046
  Finished case 30/36: prey=M2, predator=D: prey=0.867845, predator=1.041566
  Finished case 31/36: prey=M1, predator=M2: prey=0.885123, predator=1.033178
  Finished case 32/36: prey=M2, predator=N: prey=0.961648, predator=0.995561
  Finished case 33/36: prey=M2, predator=P1: prey=0.905690, predator=1.022007
  Finished case 34/36: prey=M2, predator=P2: prey=0.931726, predator=1.008761
  Finished case 35/36: prey=M2, predator=M2: prey=0.918013, predator=1.015225
  Finished case 36/36: prey=M2, predator=M1: prey=0.807008, predator=1.076841
  [34/121] w1=0.3, w2=0: prey=P1, predator=D, equilibria=1
  Starting pair 35/121: w1=0.3, w2=0.1
  Solving 36 payoff case(s) with 4 worker(s).
  Finished case 1/36: prey=D, predator=D: prey=0.880327, predator=1.040016
  Finished case 2/36: prey=D, predator=P2: prey=0.903433, predator=1.032423
  Finished case 3/36: prey=D, predator=P1: prey=0.854323, predator=1.056122
  Finished case 4/36: prey=D, predator=N: prey=0.806232, predator=1.087778
  Finished case 5/36: prey=D, predator=M1: prey=0.872456, predator=1.046094
  Finished case 6/36: prey=D, predator=M2: prey=0.891936, predator=1.038469
  Finished case 7/36: prey=N, predator=N: prey=0.932966, predator=1.002127
  Finished case 8/36: prey=N, predator=D: prey=0.676405, predator=1.138949
  Finished case 9/36: prey=N, predator=P1: prey=0.867763, predator=1.036012
  Finished case 10/36: prey=N, predator=M1: prey=0.897668, predator=1.020971
  Finished case 11/36: prey=N, predator=P2: prey=0.911099, predator=1.013575
  Finished case 12/36: prey=N, predator=M2: prey=0.879310, predator=1.029660
  Finished case 13/36: prey=P1, predator=D: prey=0.885310, predator=1.033520
  Finished case 14/36: prey=P1, predator=P1: prey=0.909505, predator=1.022766
  Finished case 15/36: prey=P1, predator=N: prey=0.953907, predator=1.002907
  Finished case 16/36: prey=P1, predator=P2: prey=0.928906, predator=1.015069
  Finished case 17/36: prey=P1, predator=M2: prey=0.905516, predator=1.026940
  Finished case 18/36: prey=P1, predator=M1: prey=0.921350, predator=1.017423
  Finished case 19/36: prey=P2, predator=D: prey=0.860554, predator=1.042712
  Finished case 20/36: prey=P2, predator=N: prey=0.915613, predator=1.015587
  Finished case 21/36: prey=P2, predator=P2: prey=0.916937, predator=1.012967
  Finished case 22/36: prey=P2, predator=M1: prey=0.900006, predator=1.022459
  Finished case 23/36: prey=P2, predator=P1: prey=0.849800, predator=1.048659
  Finished case 24/36: prey=P2, predator=M2: prey=0.887615, predator=1.027114
  Finished case 25/36: prey=M1, predator=D: prey=0.879875, predator=1.033625
  Finished case 26/36: prey=M1, predator=N: prey=0.921982, predator=1.015193
  Finished case 27/36: prey=M1, predator=P1: prey=0.887084, predator=1.030208
  Finished case 28/36: prey=M1, predator=P2: prey=0.910872, predator=1.021164
  Finished case 29/36: prey=M1, predator=M1: prey=0.914361, predator=1.017224
  Finished case 30/36: prey=M2, predator=D: prey=0.865448, predator=1.042843
  Finished case 31/36: prey=M1, predator=M2: prey=0.879814, predator=1.035931
  Finished case 32/36: prey=M2, predator=N: prey=0.947897, predator=1.003026
  Finished case 33/36: prey=M2, predator=P1: prey=0.898814, predator=1.025814
  Finished case 34/36: prey=M2, predator=P2: prey=0.924921, predator=1.012597
  Finished case 35/36: prey=M2, predator=M2: prey=0.911706, predator=1.018717
  Finished case 36/36: prey=M2, predator=M1: prey=0.784562, predator=1.089206
  [35/121] w1=0.3, w2=0.1: prey=P1, predator=D, equilibria=1
  Starting pair 36/121: w1=0.3, w2=0.2
  Solving 36 payoff case(s) with 4 worker(s).
  Finished case 1/36: prey=D, predator=D: prey=0.879802, predator=1.040187
  Finished case 2/36: prey=D, predator=P1: prey=0.859209, predator=1.053120
  Finished case 3/36: prey=D, predator=P2: prey=0.901086, predator=1.033568
  Finished case 4/36: prey=D, predator=N: prey=0.774651, predator=1.105014
  Finished case 5/36: prey=D, predator=M1: prey=0.871345, predator=1.046661
  Finished case 6/36: prey=N, predator=N: prey=0.912363, predator=1.013479
  Finished case 7/36: prey=D, predator=M2: prey=0.889191, predator=1.039860
  Finished case 8/36: prey=N, predator=D: prey=0.677122, predator=1.138417
  Finished case 9/36: prey=N, predator=P1: prey=0.855687, predator=1.042289
  Finished case 10/36: prey=N, predator=P2: prey=0.902156, predator=1.018339
  Finished case 11/36: prey=N, predator=M1: prey=0.891656, predator=1.024006
  Finished case 12/36: prey=N, predator=M2: prey=0.867087, predator=1.036061
  Finished case 13/36: prey=P1, predator=D: prey=0.883161, predator=1.034584
  Finished case 14/36: prey=P1, predator=P1: prey=0.899551, predator=1.028280
  Finished case 15/36: prey=P1, predator=N: prey=0.938738, predator=1.011045
  Finished case 16/36: prey=P1, predator=P2: prey=0.917454, predator=1.021251
  Finished case 17/36: prey=P1, predator=M1: prey=0.911601, predator=1.022862
  Finished case 18/36: prey=P1, predator=M2: prey=0.892566, predator=1.033922
  Finished case 19/36: prey=P2, predator=D: prey=0.859107, predator=1.043450
  Finished case 20/36: prey=P2, predator=N: prey=0.908406, predator=1.019354
  Finished case 21/36: prey=P2, predator=P2: prey=0.908734, predator=1.017526
  Finished case 22/36: prey=P2, predator=M1: prey=0.892466, predator=1.026629
  Finished case 23/36: prey=P2, predator=P1: prey=0.832041, predator=1.058618
  Finished case 24/36: prey=P2, predator=M2: prey=0.879758, predator=1.031565
  Finished case 25/36: prey=M1, predator=D: prey=0.877726, predator=1.034697
  Finished case 26/36: prey=M1, predator=N: prey=0.914811, predator=1.018931
  Finished case 27/36: prey=M1, predator=P1: prey=0.878018, predator=1.035342
  Finished case 28/36: prey=M1, predator=P2: prey=0.899154, predator=1.027477
  Finished case 29/36: prey=M1, predator=M1: prey=0.905004, predator=1.022430
  Finished case 30/36: prey=M2, predator=D: prey=0.864081, predator=1.043532
  Finished case 31/36: prey=M1, predator=M2: prey=0.866278, predator=1.043285
  Finished case 32/36: prey=M2, predator=N: prey=0.932521, predator=1.011317
  Finished case 33/36: prey=M2, predator=P1: prey=0.890093, predator=1.030640
  Finished case 34/36: prey=M2, predator=P2: prey=0.917185, predator=1.016892
  Finished case 35/36: prey=M2, predator=M2: prey=0.903108, predator=1.023464
  Finished case 36/36: prey=M2, predator=M1: prey=0.755848, predator=1.105157
  [36/121] w1=0.3, w2=0.2: prey=P1, predator=D, equilibria=1
  Starting pair 37/121: w1=0.3, w2=0.3
  Solving 36 payoff case(s) with 4 worker(s).
  Finished case 1/36: prey=D, predator=D: prey=0.879300, predator=1.040357
  Finished case 2/36: prey=D, predator=P1: prey=0.861619, predator=1.051746
  Finished case 3/36: prey=D, predator=P2: prey=0.897586, predator=1.035395
  Finished case 4/36: prey=D, predator=N: prey=0.739638, predator=1.123352
  Finished case 5/36: prey=D, predator=M1: prey=0.871695, predator=1.046520
  Finished case 6/36: prey=D, predator=M2: prey=0.884682, predator=1.042298
  Finished case 7/36: prey=N, predator=N: prey=0.891680, predator=1.024671
  Finished case 8/36: prey=N, predator=D: prey=0.678944, predator=1.137324
  Finished case 9/36: prey=N, predator=P1: prey=0.840220, predator=1.050316
  Finished case 10/36: prey=N, predator=P2: prey=0.884183, predator=1.028204
  Finished case 11/36: prey=N, predator=M1: prey=0.872323, predator=1.034623
  Finished case 12/36: prey=N, predator=M2: prey=0.851424, predator=1.044259
  Finished case 13/36: prey=P1, predator=P1: prey=0.888130, predator=1.034518
  Finished case 14/36: prey=P1, predator=D: prey=0.881109, predator=1.035607
  Finished case 15/36: prey=P1, predator=N: prey=0.910123, predator=1.026601
  Finished case 16/36: prey=P1, predator=P2: prey=0.906167, predator=1.027257
  Finished case 17/36: prey=P1, predator=M1: prey=0.903186, predator=1.027476
  Finished case 18/36: prey=P1, predator=M2: prey=0.878114, predator=1.041703
  Finished case 19/36: prey=P2, predator=D: prey=0.858651, predator=1.043612
  Finished case 20/36: prey=P2, predator=N: prey=0.878087, predator=1.035865
  Finished case 21/36: prey=P2, predator=P2: prey=0.898284, predator=1.023305
  Finished case 22/36: prey=P2, predator=M1: prey=0.889312, predator=1.028102
  Finished case 23/36: prey=P2, predator=P1: prey=0.824975, predator=1.062258
  Finished case 24/36: prey=P2, predator=M2: prey=0.870103, predator=1.036980
  Finished case 25/36: prey=M1, predator=D: prey=0.875657, predator=1.035737
  Finished case 26/36: prey=M1, predator=N: prey=0.883338, predator=1.035984
  Finished case 27/36: prey=M1, predator=P1: prey=0.866624, predator=1.041734
  Finished case 28/36: prey=M1, predator=P2: prey=0.885667, predator=1.034763
  Finished case 29/36: prey=M1, predator=M1: prey=0.893307, predator=1.028891
  Finished case 30/36: prey=M2, predator=D: prey=0.863723, predator=1.043639
  Finished case 31/36: prey=M1, predator=M2: prey=0.816541, predator=1.071286
  Finished case 32/36: prey=M2, predator=N: prey=0.904561, predator=1.026600
  Finished case 33/36: prey=M2, predator=P1: prey=0.881674, predator=1.035210
  Finished case 34/36: prey=M2, predator=P2: prey=0.909042, predator=1.021397
  Finished case 35/36: prey=M2, predator=M2: prey=0.893024, predator=1.028964
  Finished case 36/36: prey=M2, predator=M1: prey=0.720032, predator=1.125187
  [37/121] w1=0.3, w2=0.3: prey=P1, predator=M2, equilibria=1
  Starting pair 38/121: w1=0.3, w2=0.4
  Solving 36 payoff case(s) with 4 worker(s).
  Finished case 1/36: prey=D, predator=D: prey=0.878786, predator=1.040542
  Finished case 2/36: prey=D, predator=P2: prey=0.891463, predator=1.038701
  Finished case 3/36: prey=D, predator=P1: prey=0.861761, predator=1.051880
  Finished case 4/36: prey=D, predator=N: prey=0.674613, predator=1.157366
  Finished case 5/36: prey=D, predator=M1: prey=0.872966, predator=1.045972
  Finished case 6/36: prey=N, predator=N: prey=0.873513, predator=1.034372
  Finished case 7/36: prey=D, predator=M2: prey=0.878212, predator=1.045819
  Finished case 8/36: prey=N, predator=D: prey=0.681837, predator=1.135706
  Finished case 9/36: prey=N, predator=P1: prey=0.821315, predator=1.060186
  Finished case 10/36: prey=N, predator=P2: prey=0.872882, predator=1.034173
  Finished case 11/36: prey=N, predator=M1: prey=0.855139, predator=1.043945
  Finished case 12/36: prey=N, predator=M2: prey=0.832820, predator=1.054023
  Finished case 13/36: prey=P1, predator=P1: prey=0.874791, predator=1.041749
  Finished case 14/36: prey=P1, predator=D: prey=0.879188, predator=1.036566
  Finished case 15/36: prey=P1, predator=N: prey=0.877905, predator=1.043933
  Finished case 16/36: prey=P1, predator=P2: prey=0.864200, predator=1.051030
  Finished case 17/36: prey=P1, predator=M1: prey=0.892579, predator=1.033326
  Finished case 18/36: prey=P1, predator=M2: prey=0.864334, predator=1.048964
  Finished case 19/36: prey=P2, predator=D: prey=0.859006, predator=1.043293
  Finished case 20/36: prey=P2, predator=N: prey=0.834474, predator=1.059517
  Finished case 21/36: prey=P2, predator=P2: prey=0.885813, predator=1.030170
  Finished case 22/36: prey=P2, predator=P1: prey=0.814317, predator=1.067737
  Finished case 23/36: prey=P2, predator=M1: prey=0.864182, predator=1.041943
  Finished case 24/36: prey=P2, predator=M2: prey=0.859458, predator=1.042865
  Finished case 25/36: prey=M1, predator=D: prey=0.873697, predator=1.036725
  Finished case 26/36: prey=M1, predator=N: prey=0.839642, predator=1.059536
  Finished case 27/36: prey=M1, predator=P1: prey=0.854707, predator=1.048302
  Finished case 28/36: prey=M1, predator=P2: prey=0.871871, predator=1.042107
  Finished case 29/36: prey=M1, predator=M1: prey=0.880290, predator=1.036010
  Finished case 30/36: prey=M2, predator=D: prey=0.864201, predator=1.043256
  Finished case 31/36: prey=M1, predator=M2: prey=0.747108, predator=1.110015
  Finished case 32/36: prey=M2, predator=N: prey=0.872471, predator=1.043966
  Finished case 33/36: prey=M2, predator=P1: prey=0.861800, predator=1.045909
  Finished case 34/36: prey=M2, predator=P2: prey=0.898366, predator=1.027344
  Finished case 35/36: prey=M2, predator=M2: prey=0.880141, predator=1.035995
  Finished case 36/36: prey=M2, predator=M1: prey=0.716624, predator=1.126478
  [38/121] w1=0.3, w2=0.4: prey=P1, predator=M2, equilibria=1
  Starting pair 39/121: w1=0.3, w2=0.5
  Solving 36 payoff case(s) with 4 worker(s).
  Finished case 1/36: prey=D, predator=D: prey=0.878199, predator=1.040773
  Finished case 2/36: prey=D, predator=P2: prey=0.878733, predator=1.045739
  Finished case 3/36: prey=D, predator=P1: prey=0.853559, predator=1.056722
  Finished case 4/36: prey=D, predator=N: prey=0.631486, predator=1.179564
  Finished case 5/36: prey=D, predator=M1: prey=0.867007, predator=1.049434
  Finished case 6/36: prey=N, predator=N: prey=0.859102, predator=1.042068
  Finished case 7/36: prey=D, predator=M2: prey=0.864322, predator=1.053531
  Finished case 8/36: prey=N, predator=D: prey=0.685716, predator=1.133635
  Finished case 9/36: prey=N, predator=P1: prey=0.801223, predator=1.070701
  Finished case 10/36: prey=N, predator=M1: prey=0.844838, predator=1.049232
  Finished case 11/36: prey=N, predator=P2: prey=0.863010, predator=1.039271
  Finished case 12/36: prey=N, predator=M2: prey=0.813529, predator=1.064144
  Finished case 13/36: prey=P1, predator=D: prey=0.877425, predator=1.037443
  Finished case 14/36: prey=P1, predator=P1: prey=0.859789, predator=1.049888
  Finished case 15/36: prey=P1, predator=N: prey=0.856178, predator=1.055515
  Finished case 16/36: prey=P1, predator=P2: prey=0.845934, predator=1.060759
  Finished case 17/36: prey=P1, predator=M1: prey=0.880992, predator=1.039693
  Finished case 18/36: prey=P1, predator=M2: prey=0.847739, predator=1.057524
  Finished case 19/36: prey=P2, predator=D: prey=0.859646, predator=1.042786
  Finished case 20/36: prey=P2, predator=N: prey=0.802185, predator=1.077055
  Finished case 21/36: prey=P2, predator=P2: prey=0.872615, predator=1.037420
  Finished case 22/36: prey=P2, predator=P1: prey=0.790186, predator=1.080729
  Finished case 23/36: prey=P2, predator=M1: prey=0.851606, predator=1.048514
  Finished case 24/36: prey=P2, predator=M2: prey=0.847680, predator=1.049351
  Finished case 25/36: prey=M1, predator=D: prey=0.871882, predator=1.037638
  Finished case 26/36: prey=M1, predator=N: prey=0.807206, predator=1.077072
  Finished case 27/36: prey=M1, predator=P1: prey=0.842800, predator=1.054780
  Finished case 28/36: prey=M1, predator=M1: prey=0.866692, predator=1.043410
  Finished case 29/36: prey=M1, predator=P2: prey=0.854468, predator=1.051214
  Finished case 30/36: prey=M2, predator=D: prey=0.865015, predator=1.042656
  Finished case 31/36: prey=M1, predator=M2: prey=0.692722, predator=1.139331
  Finished case 32/36: prey=M2, predator=N: prey=0.850874, predator=1.055538
  Finished case 33/36: prey=M2, predator=P1: prey=0.848389, predator=1.052948
  Finished case 34/36: prey=M2, predator=P2: prey=0.887621, predator=1.033295
  Finished case 35/36: prey=M2, predator=M2: prey=0.865422, predator=1.044054
  Finished case 36/36: prey=M2, predator=M1: prey=0.713401, predator=1.127661
  [39/121] w1=0.3, w2=0.5: prey=P1, predator=P2, equilibria=1
  Starting pair 40/121: w1=0.3, w2=0.6
  Solving 36 payoff case(s) with 4 worker(s).
  Finished case 1/36: prey=D, predator=D: prey=0.877440, predator=1.041102
  Finished case 2/36: prey=D, predator=P1: prey=0.847090, predator=1.060117
  Finished case 3/36: prey=D, predator=P2: prey=0.864407, predator=1.053630
  Finished case 4/36: prey=D, predator=N: prey=0.633010, predator=1.178541
  Finished case 5/36: prey=D, predator=M1: prey=0.859070, predator=1.053645
  Finished case 6/36: prey=N, predator=N: prey=0.849271, predator=1.047435
  Finished case 7/36: prey=D, predator=M2: prey=0.849992, predator=1.061383
  Finished case 8/36: prey=N, predator=D: prey=0.690216, predator=1.131350
  Finished case 9/36: prey=N, predator=P1: prey=0.783238, predator=1.080088
  Finished case 10/36: prey=N, predator=M1: prey=0.832895, predator=1.055399
  Finished case 11/36: prey=N, predator=P2: prey=0.851218, predator=1.045413
  Finished case 12/36: prey=N, predator=M2: prey=0.796446, predator=1.073074
  Finished case 13/36: prey=P1, predator=P1: prey=0.846586, predator=1.057065
  Finished case 14/36: prey=P1, predator=D: prey=0.875753, predator=1.038269
  Finished case 15/36: prey=P1, predator=N: prey=0.842706, predator=1.062760
  Finished case 16/36: prey=P1, predator=P2: prey=0.846159, predator=1.059391
  Finished case 17/36: prey=P1, predator=M1: prey=0.873549, predator=1.043633
  Finished case 18/36: prey=P1, predator=M2: prey=0.817634, predator=1.073435
  Finished case 19/36: prey=P2, predator=D: prey=0.859462, predator=1.042718
  Finished case 20/36: prey=P2, predator=N: prey=0.790544, predator=1.083263
  Finished case 21/36: prey=P2, predator=P2: prey=0.862142, predator=1.043147
  Finished case 22/36: prey=P2, predator=M1: prey=0.844344, predator=1.051924
  Finished case 23/36: prey=P2, predator=P1: prey=0.788169, predator=1.081561
  Finished case 24/36: prey=P2, predator=M2: prey=0.835367, predator=1.056209
  Finished case 25/36: prey=M1, predator=D: prey=0.870154, predator=1.038501
  Finished case 26/36: prey=M1, predator=N: prey=0.795556, predator=1.083242
  Finished case 27/36: prey=M1, predator=P1: prey=0.830263, predator=1.061671
  Finished case 28/36: prey=M1, predator=P2: prey=0.823888, predator=1.067548
  Finished case 29/36: prey=M1, predator=M1: prey=0.855367, predator=1.049549
  Finished case 30/36: prey=M2, predator=D: prey=0.865060, predator=1.042463
  Finished case 31/36: prey=M1, predator=M2: prey=0.652536, predator=1.160421
  Finished case 32/36: prey=M2, predator=N: prey=0.837485, predator=1.062783
  Finished case 33/36: prey=M2, predator=P1: prey=0.838985, predator=1.057586
  Finished case 34/36: prey=M2, predator=P2: prey=0.883110, predator=1.035584
  Finished case 35/36: prey=M2, predator=M2: prey=0.853105, predator=1.050804
  Finished case 36/36: prey=M2, predator=M1: prey=0.713366, predator=1.127259
  [40/121] w1=0.3, w2=0.6: prey=P1, predator=M2, equilibria=1
  Starting pair 41/121: w1=0.3, w2=0.7
  Solving 36 payoff case(s) with 4 worker(s).
  Finished case 1/36: prey=D, predator=D: prey=0.876351, predator=1.041615
  Finished case 2/36: prey=D, predator=P2: prey=0.852535, predator=1.060238
  Finished case 3/36: prey=D, predator=P1: prey=0.853592, predator=1.056280
  Finished case 4/36: prey=D, predator=N: prey=0.677872, predator=1.155004
  Finished case 5/36: prey=D, predator=M1: prey=0.863632, predator=1.050884
  Finished case 6/36: prey=N, predator=N: prey=0.843680, predator=1.050784
  Finished case 7/36: prey=D, predator=M2: prey=0.837349, predator=1.068426
  Finished case 8/36: prey=N, predator=D: prey=0.695541, predator=1.128704
  Finished case 9/36: prey=N, predator=P1: prey=0.769658, predator=1.087150
  Finished case 10/36: prey=N, predator=M1: prey=0.822665, predator=1.060568
  Finished case 11/36: prey=N, predator=P2: prey=0.838324, predator=1.052220
  Finished case 12/36: prey=N, predator=M2: prey=0.783349, predator=1.079909
  Finished case 13/36: prey=P1, predator=P1: prey=0.837843, predator=1.061791
  Finished case 14/36: prey=P1, predator=D: prey=0.874058, predator=1.039103
  Finished case 15/36: prey=P1, predator=N: prey=0.837998, predator=1.065567
  Finished case 16/36: prey=P1, predator=P2: prey=0.819089, predator=1.073817
  Finished case 17/36: prey=P1, predator=M1: prey=0.872093, predator=1.044183
  Finished case 18/36: prey=P1, predator=M2: prey=0.784883, predator=1.090860
  Finished case 19/36: prey=P2, predator=D: prey=0.857081, predator=1.043877
  Finished case 20/36: prey=P2, predator=N: prey=0.795469, predator=1.080775
  Finished case 21/36: prey=P2, predator=P2: prey=0.855323, predator=1.046845
  Finished case 22/36: prey=P2, predator=M1: prey=0.829037, predator=1.060011
  Finished case 23/36: prey=P2, predator=P1: prey=0.807558, predator=1.070624
  Finished case 24/36: prey=P2, predator=M2: prey=0.826675, predator=1.061080
  Finished case 25/36: prey=M1, predator=D: prey=0.868413, predator=1.039366
  Finished case 26/36: prey=M1, predator=N: prey=0.800476, predator=1.080763
  Finished case 27/36: prey=M1, predator=P1: prey=0.820136, predator=1.067292
  Finished case 28/36: prey=M1, predator=P2: prey=0.793056, predator=1.084011
  Finished case 29/36: prey=M1, predator=M1: prey=0.847315, predator=1.053901
  Finished case 30/36: prey=M2, predator=D: prey=0.862881, predator=1.043503
  Finished case 31/36: prey=M1, predator=M2: prey=0.628023, predator=1.173091
  Finished case 32/36: prey=M2, predator=N: prey=0.832821, predator=1.065582
  Finished case 33/36: prey=M2, predator=P1: prey=0.825040, predator=1.064792
  Finished case 34/36: prey=M2, predator=P2: prey=0.882541, predator=1.035661
  Finished case 35/36: prey=M2, predator=M2: prey=0.845830, predator=1.054742
  Finished case 36/36: prey=M2, predator=M1: prey=0.718275, predator=1.124328
  [41/121] w1=0.3, w2=0.7: prey=P1, predator=M2, equilibria=1
  Starting pair 42/121: w1=0.3, w2=0.8
  Solving 36 payoff case(s) with 4 worker(s).
  Finished case 1/36: prey=D, predator=D: prey=0.874693, predator=1.042439
  Finished case 2/36: prey=D, predator=P2: prey=0.844218, predator=1.064965
  Finished case 3/36: prey=D, predator=P1: prey=0.855154, predator=1.055504
  Finished case 4/36: prey=D, predator=N: prey=0.763628, predator=1.110061
  Finished case 5/36: prey=D, predator=M1: prey=0.865319, predator=1.050005
  Finished case 6/36: prey=D, predator=M2: prey=0.828527, predator=1.073461
  Finished case 7/36: prey=N, predator=N: prey=0.843164, predator=1.051874
  Finished case 8/36: prey=N, predator=D: prey=0.709058, predator=1.121196
  Finished case 9/36: prey=N, predator=P1: prey=0.761875, predator=1.091171
  Finished case 10/36: prey=N, predator=P2: prey=0.823700, predator=1.060216
  Finished case 11/36: prey=N, predator=M1: prey=0.804350, predator=1.070625
  Finished case 12/36: prey=N, predator=M2: prey=0.775445, predator=1.084031
  Finished case 13/36: prey=P1, predator=D: prey=0.872698, predator=1.039726
  Finished case 14/36: prey=P1, predator=P1: prey=0.833057, predator=1.064319
  Finished case 15/36: prey=P1, predator=N: prey=0.848897, predator=1.060336
  Finished case 16/36: prey=P1, predator=P2: prey=0.810058, predator=1.078333
  Finished case 17/36: prey=P1, predator=M2: prey=0.764216, predator=1.101705
  Finished case 18/36: prey=P1, predator=M1: prey=0.870760, predator=1.044791
  Finished case 19/36: prey=P2, predator=D: prey=0.852326, predator=1.046359
  Finished case 20/36: prey=P2, predator=N: prey=0.821225, predator=1.067511
  Finished case 21/36: prey=P2, predator=P2: prey=0.850976, predator=1.049183
  Finished case 22/36: prey=P2, predator=M1: prey=0.809978, predator=1.070466
  Finished case 23/36: prey=P2, predator=P1: prey=0.815119, predator=1.066504
  Finished case 24/36: prey=P2, predator=M2: prey=0.820578, predator=1.064562
  Finished case 25/36: prey=M1, predator=D: prey=0.866996, predator=1.040024
  Finished case 26/36: prey=M1, predator=N: prey=0.826339, predator=1.067514
  Finished case 27/36: prey=M1, predator=P1: prey=0.812741, predator=1.071458
  Finished case 28/36: prey=M1, predator=P2: prey=0.772335, predator=1.095007
  Finished case 29/36: prey=M1, predator=M1: prey=0.842080, predator=1.056706
  Finished case 30/36: prey=M2, predator=D: prey=0.858272, predator=1.045888
  Finished case 31/36: prey=M1, predator=M2: prey=0.622070, predator=1.176001
  Finished case 32/36: prey=M2, predator=N: prey=0.843624, predator=1.060370
  Finished case 33/36: prey=M2, predator=P1: prey=0.807300, predator=1.074426
  Finished case 34/36: prey=M2, predator=P2: prey=0.880952, predator=1.036451
  Finished case 35/36: prey=M2, predator=M2: prey=0.842001, predator=1.056764
  Finished case 36/36: prey=M2, predator=M1: prey=0.728543, predator=1.118659
  [42/121] w1=0.3, w2=0.8: prey=P2, predator=M2, equilibria=1
  Starting pair 43/121: w1=0.3, w2=0.9
  Solving 36 payoff case(s) with 4 worker(s).
  Finished case 1/36: prey=D, predator=D: prey=0.872144, predator=1.043747
  Finished case 2/36: prey=D, predator=P2: prey=0.837558, predator=1.068867
  Finished case 3/36: prey=D, predator=P1: prey=0.858431, predator=1.053955
  Finished case 4/36: prey=D, predator=N: prey=0.839023, predator=1.071546
  Finished case 5/36: prey=D, predator=M1: prey=0.868191, predator=1.048675
  Finished case 6/36: prey=D, predator=M2: prey=0.821559, predator=1.077574
  Finished case 7/36: prey=N, predator=N: prey=0.862132, predator=1.043101
  Finished case 8/36: prey=N, predator=D: prey=0.738658, predator=1.104018
  Finished case 9/36: prey=N, predator=P1: prey=0.761760, predator=1.091131
  Finished case 10/36: prey=N, predator=P2: prey=0.815804, predator=1.064522
  Finished case 11/36: prey=N, predator=M1: prey=0.793014, predator=1.076860
  Finished case 12/36: prey=N, predator=M2: prey=0.774986, predator=1.084207
  Finished case 13/36: prey=P1, predator=D: prey=0.871996, predator=1.039930
  Finished case 14/36: prey=P1, predator=P1: prey=0.830156, predator=1.065855
  Finished case 15/36: prey=P1, predator=N: prey=0.865339, predator=1.053263
  Finished case 16/36: prey=P1, predator=P2: prey=0.810434, predator=1.077821
  Finished case 17/36: prey=P1, predator=M1: prey=0.869327, predator=1.045600
  Finished case 18/36: prey=P1, predator=M2: prey=0.747100, predator=1.110649
  Finished case 19/36: prey=P2, predator=D: prey=0.846510, predator=1.049390
  Finished case 20/36: prey=P2, predator=N: prey=0.844949, predator=1.056670
  Finished case 21/36: prey=P2, predator=P2: prey=0.847970, predator=1.050832
  Finished case 22/36: prey=P2, predator=P1: prey=0.815332, predator=1.066134
  Finished case 23/36: prey=P2, predator=M1: prey=0.799331, predator=1.076326
  Finished case 24/36: prey=P2, predator=M2: prey=0.816273, predator=1.067122
  Finished case 25/36: prey=M1, predator=D: prey=0.866138, predator=1.040315
  Finished case 26/36: prey=M1, predator=N: prey=0.850577, predator=1.056486
  Finished case 27/36: prey=M1, predator=P1: prey=0.807558, predator=1.074468
  Finished case 28/36: prey=M1, predator=P2: prey=0.754596, predator=1.104395
  Finished case 29/36: prey=M1, predator=M1: prey=0.838684, predator=1.058538
  Finished case 30/36: prey=M2, predator=D: prey=0.852621, predator=1.048807
  Finished case 31/36: prey=M1, predator=M2: prey=0.657385, predator=1.156085
  Finished case 32/36: prey=M2, predator=N: prey=0.859825, predator=1.053354
  Finished case 33/36: prey=M2, predator=P1: prey=0.797456, predator=1.079812
  Finished case 34/36: prey=M2, predator=P2: prey=0.879242, predator=1.037456
  Finished case 35/36: prey=M2, predator=M2: prey=0.839475, predator=1.058128
  Finished case 36/36: prey=M2, predator=M1: prey=0.744281, predator=1.110192
  [43/121] w1=0.3, w2=0.9: prey=D, predator=M2, equilibria=1
  Starting pair 44/121: w1=0.3, w2=1
  Solving 36 payoff case(s) with 4 worker(s).
  Finished case 1/36: prey=D, predator=D: prey=0.868318, predator=1.045746
  Finished case 2/36: prey=D, predator=P1: prey=0.860152, predator=1.053510
  Finished case 3/36: prey=D, predator=P2: prey=0.835064, predator=1.070516
  Finished case 4/36: prey=D, predator=N: prey=0.988505, predator=0.990865
  Finished case 5/36: prey=D, predator=M1: prey=0.871436, predator=1.047315
  Finished case 6/36: prey=N, predator=N: prey=0.965209, predator=0.987484
  Finished case 7/36: prey=D, predator=M2: prey=0.819426, predator=1.079046
  Finished case 8/36: prey=N, predator=D: prey=0.773271, predator=1.083815
  Finished case 9/36: prey=N, predator=P1: prey=0.744067, predator=1.100796
  Finished case 10/36: prey=N, predator=M1: prey=0.790302, predator=1.078387
  Finished case 11/36: prey=N, predator=P2: prey=0.814808, predator=1.065107
  Finished case 12/36: prey=N, predator=M2: prey=0.762573, predator=1.090991
  Finished case 13/36: prey=P1, predator=D: prey=0.867901, predator=1.042006
  Finished case 14/36: prey=P1, predator=P1: prey=0.828317, predator=1.066905
  Finished case 15/36: prey=P1, predator=N: prey=0.983645, predator=0.989260
  Finished case 16/36: prey=P1, predator=P2: prey=0.790991, predator=1.088332
  Finished case 17/36: prey=P1, predator=M1: prey=0.868680, predator=1.046092
  Finished case 18/36: prey=P1, predator=M2: prey=0.680387, predator=1.147513
  Finished case 19/36: prey=P2, predator=D: prey=0.840492, predator=1.052463
  Finished case 20/36: prey=P2, predator=N: prey=0.971603, predator=0.988164
  Finished case 21/36: prey=P2, predator=P2: prey=0.845982, predator=1.052009
  Finished case 22/36: prey=P2, predator=M1: prey=0.798055, predator=1.077138
  Finished case 23/36: prey=P2, predator=P1: prey=0.809036, predator=1.070005
  Finished case 24/36: prey=P2, predator=M2: prey=0.813979, predator=1.068652
  Finished case 25/36: prey=M1, predator=D: prey=0.861825, predator=1.042528
  Finished case 26/36: prey=M1, predator=N: prey=0.977614, predator=0.988165
  Finished case 27/36: prey=M1, predator=P1: prey=0.804546, predator=1.076363
  Finished case 28/36: prey=M1, predator=P2: prey=0.688353, predator=1.141276
  Finished case 29/36: prey=M1, predator=M1: prey=0.836509, predator=1.059785
  Finished case 30/36: prey=M2, predator=D: prey=0.846787, predator=1.051760
  Finished case 31/36: prey=M1, predator=M2: prey=0.615992, predator=1.179812
  Finished case 32/36: prey=M2, predator=N: prey=0.977637, predator=0.989257
  Finished case 33/36: prey=M2, predator=P1: prey=0.796762, predator=1.080315
  Finished case 34/36: prey=M2, predator=P2: prey=0.878075, predator=1.038279
  Finished case 35/36: prey=M2, predator=M2: prey=0.837803, predator=1.059120
  Finished case 36/36: prey=M2, predator=M1: prey=0.764691, predator=1.099322
  [44/121] w1=0.3, w2=1: prey=D, predator=M2, equilibria=1
  Starting pair 45/121: w1=0.4, w2=0
  Solving 36 payoff case(s) with 4 worker(s).
  Finished case 1/36: prey=D, predator=D: prey=0.879725, predator=1.040185
  Finished case 2/36: prey=D, predator=P1: prey=0.857844, predator=1.053724
  Finished case 3/36: prey=D, predator=P2: prey=0.901652, predator=1.033273
  Finished case 4/36: prey=D, predator=N: prey=0.800791, predator=1.090640
  Finished case 5/36: prey=D, predator=M1: prey=0.874758, predator=1.044441
  Finished case 6/36: prey=D, predator=M2: prey=0.890569, predator=1.039050
  Finished case 7/36: prey=N, predator=N: prey=0.952986, predator=0.991849
  Finished case 8/36: prey=N, predator=D: prey=0.725317, predator=1.112994
  Finished case 9/36: prey=N, predator=P1: prey=0.879500, predator=1.029717
  Finished case 10/36: prey=N, predator=P2: prey=0.920132, predator=1.009301
  Finished case 11/36: prey=N, predator=M1: prey=0.908785, predator=1.015529
  Finished case 12/36: prey=N, predator=M2: prey=0.888183, predator=1.024984
  Finished case 13/36: prey=P1, predator=D: prey=0.892095, predator=1.029933
  Finished case 14/36: prey=P1, predator=P1: prey=0.926585, predator=1.013666
  Finished case 15/36: prey=P1, predator=N: prey=0.984452, predator=0.986547
  Finished case 16/36: prey=P1, predator=P2: prey=0.944030, predator=1.007040
  Finished case 17/36: prey=P1, predator=M1: prey=0.942957, predator=1.005829
  Finished case 18/36: prey=P1, predator=M2: prey=0.920696, predator=1.018818
  Finished case 19/36: prey=P2, predator=D: prey=0.872798, predator=1.036327
  Finished case 20/36: prey=P2, predator=N: prey=0.929053, predator=1.008325
  Finished case 21/36: prey=P2, predator=P2: prey=0.932073, predator=1.004848
  Finished case 22/36: prey=P2, predator=M1: prey=0.919149, predator=1.012329
  Finished case 23/36: prey=P2, predator=P1: prey=0.863140, predator=1.041262
  Finished case 24/36: prey=P2, predator=M2: prey=0.897688, predator=1.021449
  Finished case 25/36: prey=M1, predator=D: prey=0.886639, predator=1.030026
  Finished case 26/36: prey=M1, predator=N: prey=0.935369, predator=1.007991
  Finished case 27/36: prey=M1, predator=P1: prey=0.897855, predator=1.024181
  Finished case 28/36: prey=M1, predator=P2: prey=0.924754, predator=1.013710
  Finished case 29/36: prey=M1, predator=M1: prey=0.930475, predator=1.008605
  Finished case 30/36: prey=M2, predator=D: prey=0.877835, predator=1.036411
  Finished case 31/36: prey=M1, predator=M2: prey=0.891529, predator=1.029152
  Finished case 32/36: prey=M2, predator=N: prey=0.978237, predator=0.986692
  Finished case 33/36: prey=M2, predator=P1: prey=0.917417, predator=1.016098
  Finished case 34/36: prey=M2, predator=P2: prey=0.945183, predator=1.001709
  Finished case 35/36: prey=M2, predator=M2: prey=0.927782, predator=1.010136
  Finished case 36/36: prey=M2, predator=M1: prey=0.840942, predator=1.058974
  [45/121] w1=0.4, w2=0: prey=P1, predator=D, equilibria=1
  Starting pair 46/121: w1=0.4, w2=0.1
  Solving 36 payoff case(s) with 4 worker(s).
  Finished case 1/36: prey=D, predator=D: prey=0.879386, predator=1.040246
  Finished case 2/36: prey=D, predator=P1: prey=0.853084, predator=1.056504
  Finished case 3/36: prey=D, predator=P2: prey=0.900312, predator=1.033839
  Finished case 4/36: prey=D, predator=N: prey=0.778399, predator=1.102921
  Finished case 5/36: prey=D, predator=M1: prey=0.871416, predator=1.046368
  Finished case 6/36: prey=N, predator=N: prey=0.936827, predator=1.000709
  Finished case 7/36: prey=D, predator=M2: prey=0.889164, predator=1.039663
  Finished case 8/36: prey=N, predator=D: prey=0.722117, predator=1.114589
  Finished case 9/36: prey=N, predator=P1: prey=0.873298, predator=1.033093
  Finished case 10/36: prey=N, predator=P2: prey=0.910818, predator=1.014357
  Finished case 11/36: prey=N, predator=M1: prey=0.899415, predator=1.020602
  Finished case 12/36: prey=N, predator=M2: prey=0.883005, predator=1.027787
  Finished case 13/36: prey=P1, predator=P1: prey=0.918610, predator=1.018093
  Finished case 14/36: prey=P1, predator=D: prey=0.890104, predator=1.030919
  Finished case 15/36: prey=P1, predator=N: prey=0.968465, predator=0.995242
  Finished case 16/36: prey=P1, predator=P2: prey=0.934052, predator=1.012343
  Finished case 17/36: prey=P1, predator=M2: prey=0.910149, predator=1.024419
  Finished case 18/36: prey=P1, predator=M1: prey=0.934525, predator=1.010566
  Finished case 19/36: prey=P2, predator=D: prey=0.870594, predator=1.037483
  Finished case 20/36: prey=P2, predator=N: prey=0.921278, predator=1.012493
  Finished case 21/36: prey=P2, predator=P2: prey=0.925874, predator=1.008279
  Finished case 22/36: prey=P2, predator=M1: prey=0.910858, predator=1.016986
  Finished case 23/36: prey=P2, predator=P1: prey=0.855749, predator=1.045286
  Finished case 24/36: prey=P2, predator=M2: prey=0.892028, predator=1.024691
  Finished case 25/36: prey=M1, predator=D: prey=0.884649, predator=1.031020
  Finished case 26/36: prey=M1, predator=N: prey=0.927735, predator=1.012065
  Finished case 27/36: prey=M1, predator=P1: prey=0.891504, predator=1.027810
  Finished case 28/36: prey=M1, predator=P2: prey=0.915163, predator=1.018792
  Finished case 29/36: prey=M1, predator=M1: prey=0.923630, predator=1.012392
  Finished case 30/36: prey=M2, predator=D: prey=0.875695, predator=1.037524
  Finished case 31/36: prey=M1, predator=M2: prey=0.882769, predator=1.033764
  Finished case 32/36: prey=M2, predator=N: prey=0.962360, predator=0.995365
  Finished case 33/36: prey=M2, predator=P1: prey=0.909661, predator=1.020399
  Finished case 34/36: prey=M2, predator=P2: prey=0.937963, predator=1.005754
  Finished case 35/36: prey=M2, predator=M2: prey=0.920467, predator=1.014195
  Finished case 36/36: prey=M2, predator=M1: prey=0.821531, predator=1.069664
  [46/121] w1=0.4, w2=0.1: prey=P1, predator=D, equilibria=1
  Starting pair 47/121: w1=0.4, w2=0.2
  Solving 36 payoff case(s) with 4 worker(s).
  Finished case 1/36: prey=D, predator=D: prey=0.879151, predator=1.040267
  Finished case 2/36: prey=D, predator=P2: prey=0.898663, predator=1.034600
  Finished case 3/36: prey=D, predator=P1: prey=0.858288, predator=1.053402
  Finished case 4/36: prey=D, predator=N: prey=0.760618, predator=1.112345
  Finished case 5/36: prey=D, predator=M1: prey=0.871482, predator=1.046318
  Finished case 6/36: prey=D, predator=M2: prey=0.887103, predator=1.040681
  Finished case 7/36: prey=N, predator=N: prey=0.916323, predator=1.011832
  Finished case 8/36: prey=N, predator=D: prey=0.721346, predator=1.114817
  Finished case 9/36: prey=N, predator=P1: prey=0.863479, predator=1.038331
  Finished case 10/36: prey=N, predator=P2: prey=0.899651, predator=1.020400
  Finished case 11/36: prey=N, predator=M1: prey=0.885191, predator=1.028383
  Finished case 12/36: prey=N, predator=M2: prey=0.874099, predator=1.032532
  Finished case 13/36: prey=P1, predator=D: prey=0.888262, predator=1.031839
  Finished case 14/36: prey=P1, predator=P1: prey=0.907449, predator=1.024273
  Finished case 15/36: prey=P1, predator=N: prey=0.951347, predator=1.004467
  Finished case 16/36: prey=P1, predator=P2: prey=0.921901, predator=1.018871
  Finished case 17/36: prey=P1, predator=M2: prey=0.897600, predator=1.031135
  Finished case 18/36: prey=P1, predator=M1: prey=0.923891, predator=1.016475
  Finished case 19/36: prey=P2, predator=D: prey=0.868932, predator=1.038321
  Finished case 20/36: prey=P2, predator=N: prey=0.912671, predator=1.017078
  Finished case 21/36: prey=P2, predator=P2: prey=0.916584, predator=1.013447
  Finished case 22/36: prey=P2, predator=M1: prey=0.903758, predator=1.020872
  Finished case 23/36: prey=P2, predator=P1: prey=0.834715, predator=1.057069
  Finished case 24/36: prey=P2, predator=M2: prey=0.884344, predator=1.029069
  Finished case 25/36: prey=M1, predator=D: prey=0.882797, predator=1.031952
  Finished case 26/36: prey=M1, predator=N: prey=0.918958, predator=1.016735
  Finished case 27/36: prey=M1, predator=P1: prey=0.882428, predator=1.032977
  Finished case 28/36: prey=M1, predator=P2: prey=0.903930, predator=1.024789
  Finished case 29/36: prey=M1, predator=M1: prey=0.912971, predator=1.018326
  Finished case 30/36: prey=M2, predator=D: prey=0.874101, predator=1.038318
  Finished case 31/36: prey=M1, predator=M2: prey=0.861156, predator=1.045646
  Finished case 32/36: prey=M2, predator=N: prey=0.945051, predator=1.004741
  Finished case 33/36: prey=M2, predator=P1: prey=0.900741, predator=1.025317
  Finished case 34/36: prey=M2, predator=P2: prey=0.929130, predator=1.010650
  Finished case 35/36: prey=M2, predator=M2: prey=0.910895, predator=1.019476
  Finished case 36/36: prey=M2, predator=M1: prey=0.797491, predator=1.082970
  [47/121] w1=0.4, w2=0.2: prey=P1, predator=D, equilibria=1
  Starting pair 48/121: w1=0.4, w2=0.3
  Solving 36 payoff case(s) with 4 worker(s).
  Finished case 1/36: prey=D, predator=D: prey=0.879006, predator=1.040253
  Finished case 2/36: prey=D, predator=P1: prey=0.862840, predator=1.050829
  Finished case 3/36: prey=D, predator=P2: prey=0.895442, predator=1.036287
  Finished case 4/36: prey=D, predator=N: prey=0.723011, predator=1.131861
  Finished case 5/36: prey=D, predator=M1: prey=0.872961, predator=1.045573
  Finished case 6/36: prey=D, predator=M2: prey=0.882874, predator=1.042980
  Finished case 7/36: prey=N, predator=N: prey=0.896236, predator=1.022567
  Finished case 8/36: prey=N, predator=D: prey=0.723312, predator=1.113500
  Finished case 9/36: prey=N, predator=P1: prey=0.850711, predator=1.045046
  Finished case 10/36: prey=N, predator=P2: prey=0.891720, predator=1.024508
  Finished case 11/36: prey=N, predator=M1: prey=0.874367, predator=1.034123
  Finished case 12/36: prey=N, predator=M2: prey=0.862013, predator=1.038900
  Finished case 13/36: prey=P1, predator=D: prey=0.886483, predator=1.032738
  Finished case 14/36: prey=P1, predator=P1: prey=0.894921, predator=1.031108
  Finished case 15/36: prey=P1, predator=N: prey=0.918428, predator=1.022380
  Finished case 16/36: prey=P1, predator=P2: prey=0.910907, predator=1.024647
  Finished case 17/36: prey=P1, predator=M1: prey=0.913135, predator=1.022376
  Finished case 18/36: prey=P1, predator=M2: prey=0.882955, predator=1.038982
  Finished case 19/36: prey=P2, predator=D: prey=0.867606, predator=1.038956
  Finished case 20/36: prey=P2, predator=N: prey=0.877514, predator=1.036265
  Finished case 21/36: prey=P2, predator=P2: prey=0.905075, predator=1.019808
  Finished case 22/36: prey=P2, predator=M1: prey=0.896995, predator=1.024394
  Finished case 23/36: prey=P2, predator=P1: prey=0.829358, predator=1.059766
  Finished case 24/36: prey=P2, predator=M2: prey=0.875378, predator=1.034109
  Finished case 25/36: prey=M1, predator=D: prey=0.880997, predator=1.032870
  Finished case 26/36: prey=M1, predator=N: prey=0.882802, predator=1.036359
  Finished case 27/36: prey=M1, predator=P1: prey=0.871661, predator=1.039030
  Finished case 28/36: prey=M1, predator=P2: prey=0.890342, predator=1.032087
  Finished case 29/36: prey=M1, predator=M1: prey=0.900168, predator=1.025391
  Finished case 30/36: prey=M2, predator=D: prey=0.872839, predator=1.038914
  Finished case 31/36: prey=M1, predator=M2: prey=0.794238, predator=1.083709
  Finished case 32/36: prey=M2, predator=N: prey=0.912802, predator=1.022393
  Finished case 33/36: prey=M2, predator=P1: prey=0.888324, predator=1.032161
  Finished case 34/36: prey=M2, predator=P2: prey=0.918656, predator=1.016442
  Finished case 35/36: prey=M2, predator=M2: prey=0.899732, predator=1.025563
  Finished case 36/36: prey=M2, predator=M1: prey=0.766530, predator=1.100192
  [48/121] w1=0.4, w2=0.3: prey=P1, predator=M2, equilibria=1
  Starting pair 49/121: w1=0.4, w2=0.4
  Solving 36 payoff case(s) with 4 worker(s).
  Finished case 1/36: prey=D, predator=D: prey=0.878929, predator=1.040212
  Finished case 2/36: prey=D, predator=P1: prey=0.862777, predator=1.051101
  Finished case 3/36: prey=D, predator=P2: prey=0.888918, predator=1.039849
  Finished case 4/36: prey=D, predator=N: prey=0.656948, predator=1.166499
  Finished case 5/36: prey=D, predator=M1: prey=0.873822, predator=1.045275
  Finished case 6/36: prey=D, predator=M2: prey=0.875774, predator=1.046892
  Finished case 7/36: prey=N, predator=N: prey=0.878619, predator=1.031910
  Finished case 8/36: prey=N, predator=D: prey=0.728515, predator=1.110341
  Finished case 9/36: prey=N, predator=P1: prey=0.835526, predator=1.052991
  Finished case 10/36: prey=N, predator=P2: prey=0.885109, predator=1.027813
  Finished case 11/36: prey=N, predator=M1: prey=0.867540, predator=1.037504
  Finished case 12/36: prey=N, predator=M2: prey=0.847467, predator=1.046533
  Finished case 13/36: prey=P1, predator=D: prey=0.884658, predator=1.033675
  Finished case 14/36: prey=P1, predator=P1: prey=0.880329, predator=1.039019
  Finished case 15/36: prey=P1, predator=N: prey=0.886853, predator=1.039313
  Finished case 16/36: prey=P1, predator=P2: prey=0.873008, predator=1.045935
  Finished case 17/36: prey=P1, predator=M2: prey=0.866043, predator=1.047934
  Finished case 18/36: prey=P1, predator=M1: prey=0.899626, predator=1.029809
  Finished case 19/36: prey=P2, predator=D: prey=0.866325, predator=1.039552
  Finished case 20/36: prey=P2, predator=N: prey=0.832496, predator=1.060684
  Finished case 21/36: prey=P2, predator=P2: prey=0.891520, predator=1.027269
  Finished case 22/36: prey=P2, predator=P1: prey=0.819322, predator=1.065050
  Finished case 23/36: prey=P2, predator=M1: prey=0.874156, predator=1.036925
  Finished case 24/36: prey=P2, predator=M2: prey=0.865025, predator=1.039849
  Finished case 25/36: prey=M1, predator=D: prey=0.879141, predator=1.033832
  Finished case 26/36: prey=M1, predator=P1: prey=0.860205, predator=1.045355
  Finished case 27/36: prey=M1, predator=N: prey=0.837629, predator=1.060716
  Finished case 28/36: prey=M1, predator=P2: prey=0.873329, predator=1.041183
  Finished case 29/36: prey=M1, predator=M1: prey=0.886080, predator=1.033091
  Finished case 30/36: prey=M2, predator=D: prey=0.871616, predator=1.039475
  Finished case 31/36: prey=M1, predator=M2: prey=0.737170, predator=1.115311
  Finished case 32/36: prey=M2, predator=N: prey=0.881362, predator=1.039347
  Finished case 33/36: prey=M2, predator=P1: prey=0.871528, predator=1.041078
  Finished case 34/36: prey=M2, predator=P2: prey=0.905336, predator=1.023837
  Finished case 35/36: prey=M2, predator=M2: prey=0.885570, predator=1.033296
  Finished case 36/36: prey=M2, predator=M1: prey=0.752665, predator=1.107401
  [49/121] w1=0.4, w2=0.4: prey=P1, predator=M2, equilibria=1
  Starting pair 50/121: w1=0.4, w2=0.5
  Solving 36 payoff case(s) with 4 worker(s).
  Finished case 1/36: prey=D, predator=D: prey=0.878880, predator=1.040166
  Finished case 2/36: prey=D, predator=P2: prey=0.876043, predator=1.047007
  Finished case 3/36: prey=D, predator=P1: prey=0.851510, predator=1.057640
  Finished case 4/36: prey=D, predator=N: prey=0.620289, predator=1.185333
  Finished case 5/36: prey=D, predator=M1: prey=0.864939, predator=1.050358
  Finished case 6/36: prey=D, predator=M2: prey=0.861643, predator=1.054782
  Finished case 7/36: prey=N, predator=N: prey=0.865072, predator=1.039108
  Finished case 8/36: prey=N, predator=D: prey=0.737369, predator=1.105093
  Finished case 9/36: prey=N, predator=P1: prey=0.819330, predator=1.061445
  Finished case 10/36: prey=N, predator=P2: prey=0.874717, predator=1.033275
  Finished case 11/36: prey=N, predator=M1: prey=0.857517, predator=1.042704
  Finished case 12/36: prey=N, predator=M2: prey=0.831969, predator=1.054646
  Finished case 13/36: prey=P1, predator=P1: prey=0.864470, predator=1.047621
  Finished case 14/36: prey=P1, predator=D: prey=0.882626, predator=1.034733
  Finished case 15/36: prey=P1, predator=N: prey=0.863769, predator=1.051638
  Finished case 16/36: prey=P1, predator=P2: prey=0.851828, predator=1.057150
  Finished case 17/36: prey=P1, predator=M2: prey=0.841786, predator=1.060694
  Finished case 18/36: prey=P1, predator=M1: prey=0.887264, predator=1.036566
  Finished case 19/36: prey=P2, predator=D: prey=0.864770, predator=1.040288
  Finished case 20/36: prey=P2, predator=N: prey=0.797776, predator=1.079575
  Finished case 21/36: prey=P2, predator=P2: prey=0.877752, predator=1.034825
  Finished case 22/36: prey=P2, predator=M1: prey=0.864125, predator=1.042065
  Finished case 23/36: prey=P2, predator=P1: prey=0.807835, predator=1.071122
  Finished case 24/36: prey=P2, predator=M2: prey=0.852844, predator=1.046589
  Finished case 25/36: prey=M1, predator=D: prey=0.877074, predator=1.034919
  Finished case 26/36: prey=M1, predator=N: prey=0.802747, predator=1.079607
  Finished case 27/36: prey=M1, predator=P1: prey=0.847935, predator=1.052064
  Finished case 28/36: prey=M1, predator=P2: prey=0.848225, predator=1.054548
  Finished case 29/36: prey=M1, predator=M1: prey=0.871806, predator=1.040854
  Finished case 30/36: prey=M2, predator=D: prey=0.870116, predator=1.040177
  Finished case 31/36: prey=M1, predator=M2: prey=0.693621, predator=1.138417
  Finished case 32/36: prey=M2, predator=N: prey=0.858428, predator=1.051657
  Finished case 33/36: prey=M2, predator=P1: prey=0.860613, predator=1.046730
  Finished case 34/36: prey=M2, predator=M2: prey=0.870122, predator=1.041749
  Finished case 35/36: prey=M2, predator=P2: prey=0.894285, predator=1.029911
  Finished case 36/36: prey=M2, predator=M1: prey=0.743608, predator=1.111842
  [50/121] w1=0.4, w2=0.5: prey=P1, predator=M2, equilibria=1
  Starting pair 51/121: w1=0.4, w2=0.6
  Solving 36 payoff case(s) with 4 worker(s).
  Finished case 1/36: prey=D, predator=D: prey=0.878782, predator=1.040153
  Finished case 2/36: prey=D, predator=P2: prey=0.862543, predator=1.054475
  Finished case 3/36: prey=D, predator=P1: prey=0.844451, predator=1.061376
  Finished case 4/36: prey=D, predator=N: prey=0.624688, predator=1.182853
  Finished case 5/36: prey=D, predator=M1: prey=0.856444, predator=1.054907
  Finished case 6/36: prey=N, predator=N: prey=0.855915, predator=1.044088
  Finished case 7/36: prey=D, predator=M2: prey=0.848054, predator=1.062269
  Finished case 8/36: prey=N, predator=D: prey=0.749853, predator=1.097768
  Finished case 9/36: prey=N, predator=P1: prey=0.803999, predator=1.069422
  Finished case 10/36: prey=N, predator=M1: prey=0.847911, predator=1.047614
  Finished case 11/36: prey=N, predator=P2: prey=0.864346, predator=1.038686
  Finished case 12/36: prey=N, predator=M2: prey=0.817253, predator=1.062325
  Finished case 13/36: prey=P1, predator=D: prey=0.880112, predator=1.036062
  Finished case 14/36: prey=P1, predator=P1: prey=0.851288, predator=1.054761
  Finished case 15/36: prey=P1, predator=N: prey=0.850755, predator=1.058601
  Finished case 16/36: prey=P1, predator=P2: prey=0.844766, predator=1.059864
  Finished case 17/36: prey=P1, predator=M1: prey=0.879842, predator=1.040491
  Finished case 18/36: prey=P1, predator=M2: prey=0.808103, predator=1.078481
  Finished case 19/36: prey=P2, predator=D: prey=0.862707, predator=1.041295
  Finished case 20/36: prey=P2, predator=N: prey=0.786740, predator=1.085406
  Finished case 21/36: prey=P2, predator=P2: prey=0.867238, predator=1.040555
  Finished case 22/36: prey=P2, predator=M1: prey=0.858441, predator=1.044618
  Finished case 23/36: prey=P2, predator=P1: prey=0.812059, predator=1.068591
  Finished case 24/36: prey=P2, predator=M2: prey=0.840480, predator=1.053482
  Finished case 25/36: prey=M1, predator=D: prey=0.874529, predator=1.036276
  Finished case 26/36: prey=M1, predator=N: prey=0.791709, predator=1.085395
  Finished case 27/36: prey=M1, predator=P1: prey=0.835106, predator=1.059133
  Finished case 28/36: prey=M1, predator=P2: prey=0.814939, predator=1.072269
  Finished case 29/36: prey=M1, predator=M1: prey=0.860297, predator=1.047080
  Finished case 30/36: prey=M2, predator=D: prey=0.868110, predator=1.041147
  Finished case 31/36: prey=M1, predator=M2: prey=0.655102, predator=1.158574
  Finished case 32/36: prey=M2, predator=N: prey=0.845485, predator=1.058624
  Finished case 33/36: prey=M2, predator=P1: prey=0.853068, predator=1.050336
  Finished case 34/36: prey=M2, predator=P2: prey=0.889266, predator=1.032490
  Finished case 35/36: prey=M2, predator=M2: prey=0.858015, predator=1.048352
  Finished case 36/36: prey=M2, predator=M1: prey=0.741202, predator=1.112736
  [51/121] w1=0.4, w2=0.6: prey=N, predator=M2, equilibria=1
  Starting pair 52/121: w1=0.4, w2=0.7
  Solving 36 payoff case(s) with 4 worker(s).
  Finished case 1/36: prey=D, predator=D: prey=0.878507, predator=1.040245
  Finished case 2/36: prey=D, predator=P2: prey=0.851760, predator=1.060514
  Finished case 3/36: prey=D, predator=P1: prey=0.851897, predator=1.057061
  Finished case 4/36: prey=D, predator=N: prey=0.670562, predator=1.158819
  Finished case 5/36: prey=D, predator=M1: prey=0.861889, predator=1.051704
  Finished case 6/36: prey=N, predator=N: prey=0.850822, predator=1.047140
  Finished case 7/36: prey=D, predator=M2: prey=0.836503, predator=1.068746
  Finished case 8/36: prey=N, predator=D: prey=0.765422, predator=1.088699
  Finished case 9/36: prey=N, predator=P1: prey=0.791155, predator=1.076077
  Finished case 10/36: prey=N, predator=P2: prey=0.852270, predator=1.045148
  Finished case 11/36: prey=N, predator=M1: prey=0.836703, predator=1.053499
  Finished case 12/36: prey=N, predator=M2: prey=0.804658, predator=1.068884
  Finished case 13/36: prey=P1, predator=P1: prey=0.842581, predator=1.059428
  Finished case 14/36: prey=P1, predator=D: prey=0.876767, predator=1.037853
  Finished case 15/36: prey=P1, predator=N: prey=0.847217, predator=1.060733
  Finished case 16/36: prey=P1, predator=P2: prey=0.818853, predator=1.073604
  Finished case 17/36: prey=P1, predator=M1: prey=0.877059, predator=1.041790
  Finished case 18/36: prey=P1, predator=M2: prey=0.775330, predator=1.095822
  Finished case 19/36: prey=P2, predator=D: prey=0.860064, predator=1.042609
  Finished case 20/36: prey=P2, predator=N: prey=0.793228, predator=1.082048
  Finished case 21/36: prey=P2, predator=P2: prey=0.860213, predator=1.044338
  Finished case 22/36: prey=P2, predator=M1: prey=0.841924, predator=1.053504
  Finished case 23/36: prey=P2, predator=P1: prey=0.827049, predator=1.060214
  Finished case 24/36: prey=P2, predator=M2: prey=0.831644, predator=1.058426
  Finished case 25/36: prey=M1, predator=D: prey=0.871167, predator=1.038091
  Finished case 26/36: prey=M1, predator=N: prey=0.798204, predator=1.082043
  Finished case 27/36: prey=M1, predator=P1: prey=0.824894, predator=1.064793
  Finished case 28/36: prey=M1, predator=P2: prey=0.784214, predator=1.088576
  Finished case 29/36: prey=M1, predator=M1: prey=0.852113, predator=1.051475
  Finished case 30/36: prey=M2, predator=D: prey=0.865530, predator=1.042420
  Finished case 31/36: prey=M1, predator=M2: prey=0.628751, predator=1.172262
  Finished case 32/36: prey=M2, predator=N: prey=0.841984, predator=1.060749
  Finished case 33/36: prey=M2, predator=P1: prey=0.838011, predator=1.058281
  Finished case 34/36: prey=M2, predator=P2: prey=0.887369, predator=1.033315
  Finished case 35/36: prey=M2, predator=M2: prey=0.850651, predator=1.052303
  Finished case 36/36: prey=M2, predator=M1: prey=0.744810, predator=1.110491
  [52/121] w1=0.4, w2=0.7: prey=P2, predator=M2, equilibria=1
  Starting pair 53/121: w1=0.4, w2=0.8
  Solving 36 payoff case(s) with 4 worker(s).
  Finished case 1/36: prey=D, predator=D: prey=0.877848, predator=1.040550
  Finished case 2/36: prey=D, predator=P1: prey=0.854458, predator=1.055777
  Finished case 3/36: prey=D, predator=P2: prey=0.844253, predator=1.064817
  Finished case 4/36: prey=D, predator=N: prey=0.758106, predator=1.112973
  Finished case 5/36: prey=D, predator=M1: prey=0.864600, predator=1.050296
  Finished case 6/36: prey=N, predator=N: prey=0.851491, predator=1.047517
  Finished case 7/36: prey=D, predator=M2: prey=0.828592, predator=1.073300
  Finished case 8/36: prey=N, predator=D: prey=0.777512, predator=1.081727
  Finished case 9/36: prey=N, predator=P1: prey=0.782027, predator=1.080772
  Finished case 10/36: prey=N, predator=P2: prey=0.841361, predator=1.051082
  Finished case 11/36: prey=N, predator=M1: prey=0.822718, predator=1.061153
  Finished case 12/36: prey=N, predator=M2: prey=0.795291, predator=1.073754
  Finished case 13/36: prey=P1, predator=D: prey=0.872845, predator=1.039948
  Finished case 14/36: prey=P1, predator=P1: prey=0.837055, predator=1.062322
  Finished case 15/36: prey=P1, predator=N: prey=0.858510, predator=1.055236
  Finished case 16/36: prey=P1, predator=P2: prey=0.807598, predator=1.079278
  Finished case 17/36: prey=P1, predator=M1: prey=0.874704, predator=1.042933
  Finished case 18/36: prey=P1, predator=M2: prey=0.755092, predator=1.106329
  Finished case 19/36: prey=P2, predator=D: prey=0.856781, predator=1.044257
  Finished case 20/36: prey=P2, predator=N: prey=0.821764, predator=1.067263
  Finished case 21/36: prey=P2, predator=P2: prey=0.855115, predator=1.047057
  Finished case 22/36: prey=P2, predator=M1: prey=0.826401, predator=1.061999
  Finished case 23/36: prey=P2, predator=P1: prey=0.830125, predator=1.058636
  Finished case 24/36: prey=P2, predator=M2: prey=0.825302, predator=1.062022
  Finished case 25/36: prey=M1, predator=D: prey=0.867231, predator=1.040211
  Finished case 26/36: prey=M1, predator=N: prey=0.826880, predator=1.067266
  Finished case 27/36: prey=M1, predator=P1: prey=0.817396, predator=1.068989
  Finished case 28/36: prey=M1, predator=P2: prey=0.763948, predator=1.099219
  Finished case 29/36: prey=M1, predator=M1: prey=0.846265, predator=1.054579
  Finished case 30/36: prey=M2, predator=D: prey=0.862322, predator=1.044018
  Finished case 31/36: prey=M1, predator=M2: prey=0.621170, predator=1.176047
  Finished case 32/36: prey=M2, predator=N: prey=0.853158, predator=1.055283
  Finished case 33/36: prey=M2, predator=P1: prey=0.823487, predator=1.066155
  Finished case 34/36: prey=M2, predator=P2: prey=0.884835, predator=1.034597
  Finished case 35/36: prey=M2, predator=M2: prey=0.845937, predator=1.054777
  Finished case 36/36: prey=M2, predator=M1: prey=0.753944, predator=1.105393
  [53/121] w1=0.4, w2=0.8: prey=P2, predator=M2, equilibria=1
  Starting pair 54/121: w1=0.4, w2=0.9
  Solving 36 payoff case(s) with 4 worker(s).
  Finished case 1/36: prey=D, predator=D: prey=0.876518, predator=1.041225
  Finished case 2/36: prey=D, predator=P2: prey=0.837963, predator=1.068535
  Finished case 3/36: prey=D, predator=P1: prey=0.858335, predator=1.053937
  Finished case 4/36: prey=D, predator=N: prey=0.836627, predator=1.072830
  Finished case 5/36: prey=D, predator=M1: prey=0.868098, predator=1.048655
  Finished case 6/36: prey=N, predator=N: prey=0.872390, predator=1.037453
  Finished case 7/36: prey=D, predator=M2: prey=0.821988, predator=1.077234
  Finished case 8/36: prey=N, predator=D: prey=0.784376, predator=1.077915
  Finished case 9/36: prey=N, predator=P1: prey=0.778512, predator=1.082465
  Finished case 10/36: prey=N, predator=P2: prey=0.835726, predator=1.054118
  Finished case 11/36: prey=N, predator=M1: prey=0.814455, predator=1.065660
  Finished case 12/36: prey=N, predator=M2: prey=0.791431, predator=1.075681
  Finished case 13/36: prey=P1, predator=D: prey=0.870102, predator=1.041324
  Finished case 14/36: prey=P1, predator=P1: prey=0.832994, predator=1.064447
  Finished case 15/36: prey=P1, predator=N: prey=0.872623, predator=1.049312
  Finished case 16/36: prey=P1, predator=P2: prey=0.802713, predator=1.081577
  Finished case 17/36: prey=P1, predator=M1: prey=0.872125, predator=1.044309
  Finished case 18/36: prey=P1, predator=M2: prey=0.742564, predator=1.112709
  Finished case 19/36: prey=P2, predator=D: prey=0.852468, predator=1.046448
  Finished case 20/36: prey=P2, predator=N: prey=0.848547, predator=1.054695
  Finished case 21/36: prey=P2, predator=P2: prey=0.851018, predator=1.049265
  Finished case 22/36: prey=P2, predator=M1: prey=0.818472, predator=1.066339
  Finished case 23/36: prey=P2, predator=P1: prey=0.829600, predator=1.058843
  Finished case 24/36: prey=P2, predator=M2: prey=0.820830, predator=1.064644
  Finished case 25/36: prey=M1, predator=D: prey=0.864458, predator=1.041613
  Finished case 26/36: prey=M1, predator=N: prey=0.854219, predator=1.054498
  Finished case 27/36: prey=M1, predator=P1: prey=0.812175, predator=1.071984
  Finished case 28/36: prey=M1, predator=P2: prey=0.750651, predator=1.106115
  Finished case 29/36: prey=M1, predator=M1: prey=0.841838, predator=1.056933
  Finished case 30/36: prey=M2, predator=D: prey=0.858109, predator=1.046143
  Finished case 31/36: prey=M1, predator=M2: prey=0.656221, predator=1.156244
  Finished case 32/36: prey=M2, predator=N: prey=0.867084, predator=1.049393
  Finished case 33/36: prey=M2, predator=P1: prey=0.816308, predator=1.070060
  Finished case 34/36: prey=M2, predator=P2: prey=0.881945, predator=1.036191
  Finished case 35/36: prey=M2, predator=M2: prey=0.842198, predator=1.056763
  Finished case 36/36: prey=M2, predator=M1: prey=0.768268, predator=1.097626
  [54/121] w1=0.4, w2=0.9: prey=D, predator=M2, equilibria=1
  Starting pair 55/121: w1=0.4, w2=1
  Solving 36 payoff case(s) with 4 worker(s).
  Finished case 1/36: prey=D, predator=D: prey=0.874156, predator=1.042463
  Finished case 2/36: prey=D, predator=P1: prey=0.861178, predator=1.052893
  Finished case 3/36: prey=D, predator=P2: prey=0.835409, predator=1.070239
  Finished case 4/36: prey=D, predator=N: prey=0.988265, predator=0.991009
  Finished case 5/36: prey=D, predator=M1: prey=0.872071, predator=1.046922
  Finished case 6/36: prey=N, predator=N: prey=0.964362, predator=0.987853
  Finished case 7/36: prey=D, predator=M2: prey=0.819695, predator=1.078819
  Finished case 8/36: prey=N, predator=D: prey=0.797319, predator=1.070792
  Finished case 9/36: prey=N, predator=P1: prey=0.766270, predator=1.089119
  Finished case 10/36: prey=N, predator=M1: prey=0.812388, predator=1.066791
  Finished case 11/36: prey=N, predator=P2: prey=0.835041, predator=1.054489
  Finished case 12/36: prey=N, predator=M2: prey=0.782563, predator=1.080489
  Finished case 13/36: prey=P1, predator=P1: prey=0.829896, predator=1.066131
  Finished case 14/36: prey=P1, predator=D: prey=0.869696, predator=1.041292
  Finished case 15/36: prey=P1, predator=N: prey=0.983441, predator=0.989320
  Finished case 16/36: prey=P1, predator=P2: prey=0.783103, predator=1.092222
  Finished case 17/36: prey=P1, predator=M1: prey=0.870227, predator=1.045401
  Finished case 18/36: prey=P1, predator=M2: prey=0.681084, predator=1.146653
  Finished case 19/36: prey=P2, predator=D: prey=0.846139, predator=1.049733
  Finished case 20/36: prey=P2, predator=N: prey=0.971468, predator=0.988221
  Finished case 21/36: prey=P2, predator=P2: prey=0.847859, predator=1.051037
  Finished case 22/36: prey=P2, predator=M1: prey=0.818118, predator=1.066620
  Finished case 23/36: prey=P2, predator=P1: prey=0.828019, predator=1.060077
  Finished case 24/36: prey=P2, predator=M2: prey=0.818355, predator=1.066246
  Finished case 25/36: prey=M1, predator=D: prey=0.863981, predator=1.041615
  Finished case 26/36: prey=M1, predator=P1: prey=0.809151, predator=1.073851
  Finished case 27/36: prey=M1, predator=N: prey=0.977479, predator=0.988222
  Finished case 28/36: prey=M1, predator=P2: prey=0.689556, predator=1.140107
  Finished case 29/36: prey=M1, predator=M1: prey=0.838513, predator=1.058758
  Finished case 30/36: prey=M2, predator=D: prey=0.851918, predator=1.049332
  Finished case 31/36: prey=M1, predator=M2: prey=0.619829, predator=1.177067
  Finished case 32/36: prey=M2, predator=N: prey=0.977435, predator=0.989317
  Finished case 33/36: prey=M2, predator=P1: prey=0.816533, predator=1.070034
  Finished case 34/36: prey=M2, predator=P2: prey=0.879684, predator=1.037529
  Finished case 35/36: prey=M2, predator=M2: prey=0.839249, predator=1.058403
  Finished case 36/36: prey=M2, predator=M1: prey=0.786778, predator=1.087710
  [55/121] w1=0.4, w2=1: prey=M2, predator=M2, equilibria=1
  Starting pair 56/121: w1=0.5, w2=0
  Solving 36 payoff case(s) with 4 worker(s).
  Finished case 1/36: prey=D, predator=D: prey=0.878203, predator=1.040695
  Finished case 2/36: prey=D, predator=P1: prey=0.856251, predator=1.054231
  Finished case 3/36: prey=D, predator=P2: prey=0.898031, predator=1.034916
  Finished case 4/36: prey=D, predator=N: prey=0.778194, predator=1.102737
  Finished case 5/36: prey=D, predator=M1: prey=0.873160, predator=1.044963
  Finished case 6/36: prey=N, predator=N: prey=0.940528, predator=0.999350
  Finished case 7/36: prey=D, predator=M2: prey=0.887385, predator=1.040414
  Finished case 8/36: prey=N, predator=D: prey=0.826823, predator=1.056551
  Finished case 9/36: prey=N, predator=P1: prey=0.848817, predator=1.046933
  Finished case 10/36: prey=N, predator=P2: prey=0.914558, predator=1.012448
  Finished case 11/36: prey=N, predator=M1: prey=0.899046, predator=1.021056
  Finished case 12/36: prey=N, predator=M2: prey=0.864241, predator=1.038396
  Finished case 13/36: prey=P1, predator=P1: prey=0.936520, predator=1.008548
  Finished case 14/36: prey=P1, predator=D: prey=0.898316, predator=1.026594
  Finished case 15/36: prey=P1, predator=N: prey=0.999941, predator=0.978326
  Finished case 16/36: prey=P1, predator=P2: prey=0.949208, predator=1.004280
  Finished case 17/36: prey=P1, predator=M2: prey=0.925745, predator=1.016068
  Finished case 18/36: prey=P1, predator=M1: prey=0.955146, predator=0.999561
  Finished case 19/36: prey=P2, predator=D: prey=0.878194, predator=1.033538
  Finished case 20/36: prey=P2, predator=N: prey=0.933754, predator=1.005732
  Finished case 21/36: prey=P2, predator=P2: prey=0.941815, predator=0.999721
  Finished case 22/36: prey=P2, predator=M1: prey=0.928706, predator=1.007549
  Finished case 23/36: prey=P2, predator=P1: prey=0.874709, predator=1.034454
  Finished case 24/36: prey=P2, predator=M2: prey=0.903985, predator=1.018001
  Finished case 25/36: prey=M1, predator=D: prey=0.892835, predator=1.026682
  Finished case 26/36: prey=M1, predator=P1: prey=0.904166, predator=1.020762
  Finished case 27/36: prey=M1, predator=N: prey=0.940168, predator=1.005357
  Finished case 28/36: prey=M1, predator=P2: prey=0.929443, predator=1.011120
  Finished case 29/36: prey=M1, predator=M1: prey=0.940601, predator=1.003309
  Finished case 30/36: prey=M2, predator=D: prey=0.883331, predator=1.033577
  Finished case 31/36: prey=M1, predator=M2: prey=0.892535, predator=1.028092
  Finished case 32/36: prey=M2, predator=N: prey=0.993651, predator=0.978463
  Finished case 33/36: prey=M2, predator=P1: prey=0.927405, predator=1.011115
  Finished case 34/36: prey=M2, predator=P2: prey=0.957095, predator=0.995537
  Finished case 35/36: prey=M2, predator=M2: prey=0.937291, predator=1.005211
  Finished case 36/36: prey=M2, predator=M1: prey=0.874336, predator=1.041416
  [56/121] w1=0.5, w2=0: prey=P1, predator=D, equilibria=1
  Starting pair 57/121: w1=0.5, w2=0.1
  Solving 36 payoff case(s) with 4 worker(s).
  Finished case 1/36: prey=D, predator=D: prey=0.878054, predator=1.040658
  Finished case 2/36: prey=D, predator=P2: prey=0.897322, predator=1.035129
  Finished case 3/36: prey=D, predator=P1: prey=0.852908, predator=1.056253
  Finished case 4/36: prey=D, predator=N: prey=0.765418, predator=1.109549
  Finished case 5/36: prey=D, predator=M1: prey=0.871358, predator=1.046055
  Finished case 6/36: prey=D, predator=M2: prey=0.886597, predator=1.040687
  Finished case 7/36: prey=N, predator=N: prey=0.930121, predator=1.004857
  Finished case 8/36: prey=N, predator=D: prey=0.822656, predator=1.058685
  Finished case 9/36: prey=N, predator=P1: prey=0.853545, predator=1.044120
  Finished case 10/36: prey=N, predator=P2: prey=0.907706, predator=1.016182
  Finished case 11/36: prey=N, predator=M1: prey=0.891394, predator=1.025245
  Finished case 12/36: prey=N, predator=M2: prey=0.867297, predator=1.036552
  Finished case 13/36: prey=P1, predator=P1: prey=0.927130, predator=1.013771
  Finished case 14/36: prey=P1, predator=D: prey=0.896587, predator=1.027449
  Finished case 15/36: prey=P1, predator=N: prey=0.981211, predator=0.988587
  Finished case 16/36: prey=P1, predator=P2: prey=0.938237, predator=1.010098
  Finished case 17/36: prey=P1, predator=M1: prey=0.945049, predator=1.005210
  Finished case 18/36: prey=P1, predator=M2: prey=0.915638, predator=1.021374
  Finished case 19/36: prey=P2, predator=D: prey=0.876024, predator=1.034646
  Finished case 20/36: prey=P2, predator=N: prey=0.927327, predator=1.009153
  Finished case 21/36: prey=P2, predator=P2: prey=0.934451, predator=1.003813
  Finished case 22/36: prey=P2, predator=M1: prey=0.919883, predator=1.012488
  Finished case 23/36: prey=P2, predator=P1: prey=0.855686, predator=1.045190
  Finished case 24/36: prey=P2, predator=M2: prey=0.898256, predator=1.021305
  Finished case 25/36: prey=M1, predator=D: prey=0.891106, predator=1.027545
  Finished case 26/36: prey=M1, predator=N: prey=0.933845, predator=1.008707
  Finished case 27/36: prey=M1, predator=P1: prey=0.897676, predator=1.024496
  Finished case 28/36: prey=M1, predator=P2: prey=0.920316, predator=1.015891
  Finished case 29/36: prey=M1, predator=M1: prey=0.932383, predator=1.007875
  Finished case 30/36: prey=M2, predator=D: prey=0.881208, predator=1.034653
  Finished case 31/36: prey=M1, predator=M2: prey=0.880571, predator=1.034457
  Finished case 32/36: prey=M2, predator=N: prey=0.974991, predator=0.988730
  Finished case 33/36: prey=M2, predator=P1: prey=0.918390, predator=1.016121
  Finished case 34/36: prey=M2, predator=P2: prey=0.948668, predator=1.000233
  Finished case 35/36: prey=M2, predator=M2: prey=0.928811, predator=1.009922
  Finished case 36/36: prey=M2, predator=M1: prey=0.856736, predator=1.051153
  [57/121] w1=0.5, w2=0.1: prey=P1, predator=D, equilibria=1
  Starting pair 58/121: w1=0.5, w2=0.2
  Solving 36 payoff case(s) with 4 worker(s).
  Finished case 1/36: prey=D, predator=D: prey=0.878051, predator=1.040560
  Finished case 2/36: prey=D, predator=P1: prey=0.858193, predator=1.053190
  Finished case 3/36: prey=D, predator=P2: prey=0.896052, predator=1.035690
  Finished case 4/36: prey=D, predator=N: prey=0.747847, predator=1.118803
  Finished case 5/36: prey=D, predator=M1: prey=0.872433, predator=1.045485
  Finished case 6/36: prey=D, predator=M2: prey=0.884861, predator=1.041538
  Finished case 7/36: prey=N, predator=N: prey=0.913342, predator=1.013785
  Finished case 8/36: prey=N, predator=D: prey=0.820127, predator=1.059916
  Finished case 9/36: prey=N, predator=P1: prey=0.854867, predator=1.043217
  Finished case 10/36: prey=N, predator=M1: prey=0.885341, predator=1.028405
  Finished case 11/36: prey=N, predator=P2: prey=0.901964, predator=1.019185
  Finished case 12/36: prey=N, predator=M2: prey=0.867165, predator=1.036480
  Finished case 13/36: prey=P1, predator=P1: prey=0.914845, predator=1.020565
  Finished case 14/36: prey=P1, predator=D: prey=0.894862, predator=1.028319
  Finished case 15/36: prey=P1, predator=N: prey=0.961895, predator=0.999019
  Finished case 16/36: prey=P1, predator=P2: prey=0.925766, predator=1.016752
  Finished case 17/36: prey=P1, predator=M1: prey=0.933389, predator=1.011654
  Finished case 18/36: prey=P1, predator=M2: prey=0.903175, predator=1.027994
  Finished case 19/36: prey=P2, predator=D: prey=0.873991, predator=1.035669
  Finished case 20/36: prey=P2, predator=N: prey=0.914929, predator=1.015907
  Finished case 21/36: prey=P2, predator=P2: prey=0.924102, predator=1.009570
  Finished case 22/36: prey=P2, predator=M1: prey=0.913069, predator=1.016154
  Finished case 23/36: prey=P2, predator=P1: prey=0.837047, predator=1.055546
  Finished case 24/36: prey=P2, predator=M2: prey=0.890625, predator=1.025672
  Finished case 25/36: prey=M1, predator=D: prey=0.889376, predator=1.028423
  Finished case 26/36: prey=M1, predator=N: prey=0.921025, predator=1.015681
  Finished case 27/36: prey=M1, predator=P1: prey=0.888530, predator=1.029724
  Finished case 28/36: prey=M1, predator=P2: prey=0.909253, predator=1.021743
  Finished case 29/36: prey=M1, predator=M1: prey=0.920436, predator=1.014527
  Finished case 30/36: prey=M2, predator=D: prey=0.879214, predator=1.035647
  Finished case 31/36: prey=M1, predator=M2: prey=0.840375, predator=1.057202
  Finished case 32/36: prey=M2, predator=N: prey=0.955648, predator=0.999231
  Finished case 33/36: prey=M2, predator=P1: prey=0.908808, predator=1.021376
  Finished case 34/36: prey=M2, predator=P2: prey=0.938445, predator=1.005885
  Finished case 35/36: prey=M2, predator=M2: prey=0.918357, predator=1.015682
  Finished case 36/36: prey=M2, predator=M1: prey=0.835421, predator=1.062936
  [58/121] w1=0.5, w2=0.2: prey=P1, predator=D, equilibria=1
  Starting pair 59/121: w1=0.5, w2=0.3
  Solving 36 payoff case(s) with 4 worker(s).
  Finished case 1/36: prey=D, predator=D: prey=0.878187, predator=1.040404
  Finished case 2/36: prey=D, predator=P2: prey=0.892666, predator=1.037490
  Finished case 3/36: prey=D, predator=P1: prey=0.864336, predator=1.049726
  Finished case 4/36: prey=D, predator=N: prey=0.703961, predator=1.141648
  Finished case 5/36: prey=D, predator=M1: prey=0.874572, predator=1.044392
  Finished case 6/36: prey=D, predator=M2: prey=0.880432, predator=1.043972
  Finished case 7/36: prey=N, predator=N: prey=0.895715, predator=1.023105
  Finished case 8/36: prey=N, predator=D: prey=0.819438, predator=1.060140
  Finished case 9/36: prey=N, predator=P1: prey=0.850990, predator=1.045136
  Finished case 10/36: prey=N, predator=P2: prey=0.896648, predator=1.021899
  Finished case 11/36: prey=N, predator=M1: prey=0.880294, predator=1.030930
  Finished case 12/36: prey=N, predator=M2: prey=0.863156, predator=1.038487
  Finished case 13/36: prey=P1, predator=D: prey=0.892949, predator=1.029304
  Finished case 14/36: prey=P1, predator=P1: prey=0.901354, predator=1.027915
  Finished case 15/36: prey=P1, predator=N: prey=0.923947, predator=1.019677
  Finished case 16/36: prey=P1, predator=P2: prey=0.914159, predator=1.022783
  Finished case 17/36: prey=P1, predator=M1: prey=0.920226, predator=1.018877
  Finished case 18/36: prey=P1, predator=M2: prey=0.886439, predator=1.036962
  Finished case 19/36: prey=P2, predator=D: prey=0.871904, predator=1.036715
  Finished case 20/36: prey=P2, predator=N: prey=0.876012, predator=1.037150
  Finished case 21/36: prey=P2, predator=P2: prey=0.911632, predator=1.016458
  Finished case 22/36: prey=P2, predator=M1: prey=0.901667, predator=1.022275
  Finished case 23/36: prey=P2, predator=P1: prey=0.830601, predator=1.058959
  Finished case 24/36: prey=P2, predator=M2: prey=0.881901, predator=1.030583
  Finished case 25/36: prey=M1, predator=D: prey=0.887458, predator=1.029421
  Finished case 26/36: prey=M1, predator=N: prey=0.881331, predator=1.037220
  Finished case 27/36: prey=M1, predator=P1: prey=0.878030, predator=1.035636
  Finished case 28/36: prey=M1, predator=P2: prey=0.893563, predator=1.030174
  Finished case 29/36: prey=M1, predator=M1: prey=0.906733, predator=1.022077
  Finished case 30/36: prey=M2, predator=D: prey=0.877155, predator=1.036671
  Finished case 31/36: prey=M1, predator=M2: prey=0.778252, predator=1.092441
  Finished case 32/36: prey=M2, predator=N: prey=0.918286, predator=1.019693
  Finished case 33/36: prey=M2, predator=P1: prey=0.894417, predator=1.029253
  Finished case 34/36: prey=M2, predator=P2: prey=0.925499, predator=1.013048
  Finished case 35/36: prey=M2, predator=M2: prey=0.906137, predator=1.022347
  Finished case 36/36: prey=M2, predator=M1: prey=0.816439, predator=1.073193
  [59/121] w1=0.5, w2=0.3: prey=P1, predator=M2, equilibria=1
  Starting pair 60/121: w1=0.5, w2=0.4
  Solving 36 payoff case(s) with 4 worker(s).
  Finished case 1/36: prey=D, predator=D: prey=0.878449, predator=1.040192
  Finished case 2/36: prey=D, predator=P2: prey=0.885390, predator=1.041509
  Finished case 3/36: prey=D, predator=P1: prey=0.862849, predator=1.050793
  Finished case 4/36: prey=D, predator=N: prey=0.639912, predator=1.175288
  Finished case 5/36: prey=D, predator=M1: prey=0.873706, predator=1.045062
  Finished case 6/36: prey=D, predator=M2: prey=0.872245, predator=1.048539
  Finished case 7/36: prey=N, predator=N: prey=0.880547, predator=1.031096
  Finished case 8/36: prey=N, predator=D: prey=0.820845, predator=1.059218
  Finished case 9/36: prey=N, predator=P1: prey=0.842475, predator=1.049538
  Finished case 10/36: prey=N, predator=P2: prey=0.889372, predator=1.025717
  Finished case 11/36: prey=N, predator=M1: prey=0.873504, predator=1.034434
  Finished case 12/36: prey=N, predator=M2: prey=0.854969, predator=1.042733
  Finished case 13/36: prey=P1, predator=D: prey=0.890616, predator=1.030531
  Finished case 14/36: prey=P1, predator=P1: prey=0.885603, predator=1.036458
  Finished case 15/36: prey=P1, predator=N: prey=0.892549, predator=1.036497
  Finished case 16/36: prey=P1, predator=P2: prey=0.880684, predator=1.041285
  Finished case 17/36: prey=P1, predator=M1: prey=0.904842, predator=1.027321
  Finished case 18/36: prey=P1, predator=M2: prey=0.863454, predator=1.049233
  Finished case 19/36: prey=P2, predator=D: prey=0.869582, predator=1.037887
  Finished case 20/36: prey=P2, predator=N: prey=0.829373, predator=1.062475
  Finished case 21/36: prey=P2, predator=P2: prey=0.897136, predator=1.024437
  Finished case 22/36: prey=P2, predator=M1: prey=0.883735, predator=1.032027
  Finished case 23/36: prey=P2, predator=P1: prey=0.825865, predator=1.061368
  Finished case 24/36: prey=P2, predator=M2: prey=0.871278, predator=1.036486
  Finished case 25/36: prey=M1, predator=D: prey=0.885117, predator=1.030663
  Finished case 26/36: prey=M1, predator=N: prey=0.834460, predator=1.062525
  Finished case 27/36: prey=M1, predator=P1: prey=0.866504, predator=1.042008
  Finished case 28/36: prey=M1, predator=P2: prey=0.870382, predator=1.042667
  Finished case 29/36: prey=M1, predator=M1: prey=0.891761, predator=1.030255
  Finished case 30/36: prey=M2, predator=D: prey=0.874851, predator=1.037826
  Finished case 31/36: prey=M1, predator=M2: prey=0.733219, predator=1.117012
  Finished case 32/36: prey=M2, predator=N: prey=0.887042, predator=1.036517
  Finished case 33/36: prey=M2, predator=P1: prey=0.880921, predator=1.036338
  Finished case 34/36: prey=M2, predator=P2: prey=0.910697, predator=1.021237
  Finished case 35/36: prey=M2, predator=M2: prey=0.890744, predator=1.030760
  Finished case 36/36: prey=M2, predator=M1: prey=0.791346, predator=1.086696
  [60/121] w1=0.5, w2=0.4: prey=P1, predator=M2, equilibria=1
  Starting pair 61/121: w1=0.5, w2=0.5
  Solving 36 payoff case(s) with 4 worker(s).
  Finished case 1/36: prey=D, predator=D: prey=0.878809, predator=1.039939
  Finished case 2/36: prey=D, predator=P2: prey=0.872552, predator=1.048683
  Finished case 3/36: prey=D, predator=P1: prey=0.847328, predator=1.059682
  Finished case 4/36: prey=D, predator=N: prey=0.609490, predator=1.190889
  Finished case 5/36: prey=D, predator=M1: prey=0.861070, predator=1.052217
  Finished case 6/36: prey=D, predator=M2: prey=0.858162, predator=1.056442
  Finished case 7/36: prey=N, predator=N: prey=0.869191, predator=1.037110
  Finished case 8/36: prey=N, predator=D: prey=0.824513, predator=1.057069
  Finished case 9/36: prey=N, predator=P1: prey=0.831535, predator=1.055222
  Finished case 10/36: prey=N, predator=P2: prey=0.880402, predator=1.030477
  Finished case 11/36: prey=N, predator=M1: prey=0.864611, predator=1.039115
  Finished case 12/36: prey=N, predator=M2: prey=0.844482, predator=1.048201
  Finished case 13/36: prey=P1, predator=D: prey=0.887567, predator=1.032163
  Finished case 14/36: prey=P1, predator=P1: prey=0.869246, predator=1.045325
  Finished case 15/36: prey=P1, predator=N: prey=0.869732, predator=1.048644
  Finished case 16/36: prey=P1, predator=P2: prey=0.857374, predator=1.053513
  Finished case 17/36: prey=P1, predator=M1: prey=0.892907, predator=1.033795
  Finished case 18/36: prey=P1, predator=M2: prey=0.832157, predator=1.065799
  Finished case 19/36: prey=P2, predator=D: prey=0.866877, predator=1.039269
  Finished case 20/36: prey=P2, predator=N: prey=0.793052, predator=1.082257
  Finished case 21/36: prey=P2, predator=P2: prey=0.883135, predator=1.032111
  Finished case 22/36: prey=P2, predator=M1: prey=0.875993, predator=1.035893
  Finished case 23/36: prey=P2, predator=P1: prey=0.823456, predator=1.062506
  Finished case 24/36: prey=P2, predator=M2: prey=0.858377, predator=1.043645
  Finished case 25/36: prey=M1, predator=D: prey=0.882060, predator=1.032312
  Finished case 26/36: prey=M1, predator=N: prey=0.797989, predator=1.082294
  Finished case 27/36: prey=M1, predator=P1: prey=0.853534, predator=1.049124
  Finished case 28/36: prey=M1, predator=M1: prey=0.877113, predator=1.038215
  Finished case 29/36: prey=M1, predator=P2: prey=0.838437, predator=1.059760
  Finished case 30/36: prey=M2, predator=D: prey=0.872155, predator=1.039195
  Finished case 31/36: prey=M1, predator=M2: prey=0.692628, predator=1.138432
  Finished case 32/36: prey=M2, predator=N: prey=0.864354, predator=1.048663
  Finished case 33/36: prey=M2, predator=P1: prey=0.871719, predator=1.041053
  Finished case 34/36: prey=M2, predator=P2: prey=0.900384, predator=1.026843
  Finished case 35/36: prey=M2, predator=M2: prey=0.874984, predator=1.039373
  Finished case 36/36: prey=M2, predator=M1: prey=0.775686, predator=1.094883
  [61/121] w1=0.5, w2=0.5: prey=N, predator=M2, equilibria=1
  Starting pair 62/121: w1=0.5, w2=0.6
  Solving 36 payoff case(s) with 4 worker(s).
  Finished case 1/36: prey=D, predator=D: prey=0.879211, predator=1.039673
  Finished case 2/36: prey=D, predator=P2: prey=0.860130, predator=1.055593
  Finished case 3/36: prey=D, predator=P1: prey=0.841040, predator=1.062995
  Finished case 4/36: prey=D, predator=N: prey=0.616383, predator=1.187152
  Finished case 5/36: prey=D, predator=M1: prey=0.853013, predator=1.056550
  Finished case 6/36: prey=N, predator=N: prey=0.861620, predator=1.041241
  Finished case 7/36: prey=D, predator=M2: prey=0.845522, predator=1.063453
  Finished case 8/36: prey=N, predator=D: prey=0.829862, predator=1.054024
  Finished case 9/36: prey=N, predator=P1: prey=0.820154, predator=1.061130
  Finished case 10/36: prey=N, predator=P2: prey=0.872067, predator=1.034873
  Finished case 11/36: prey=N, predator=M1: prey=0.857393, predator=1.042813
  Finished case 12/36: prey=N, predator=M2: prey=0.833474, predator=1.053940
  Finished case 13/36: prey=P1, predator=D: prey=0.883392, predator=1.034421
  Finished case 14/36: prey=P1, predator=P1: prey=0.856492, predator=1.052201
  Finished case 15/36: prey=P1, predator=N: prey=0.857798, predator=1.054994
  Finished case 16/36: prey=P1, predator=P2: prey=0.841025, predator=1.061536
  Finished case 17/36: prey=P1, predator=M1: prey=0.885589, predator=1.037641
  Finished case 18/36: prey=P1, predator=M2: prey=0.796165, predator=1.084754
  Finished case 19/36: prey=P2, predator=D: prey=0.863637, predator=1.040948
  Finished case 20/36: prey=P2, predator=N: prey=0.782835, predator=1.087602
  Finished case 21/36: prey=P2, predator=P2: prey=0.872860, predator=1.037685
  Finished case 22/36: prey=P2, predator=P1: prey=0.829870, predator=1.058877
  Finished case 23/36: prey=P2, predator=M1: prey=0.869115, predator=1.039205
  Finished case 24/36: prey=P2, predator=M2: prey=0.846010, predator=1.050535
  Finished case 25/36: prey=M1, predator=D: prey=0.877884, predator=1.034592
  Finished case 26/36: prey=M1, predator=N: prey=0.787767, predator=1.087598
  Finished case 27/36: prey=M1, predator=P1: prey=0.840435, predator=1.056345
  Finished case 28/36: prey=M1, predator=P2: prey=0.803592, predator=1.078225
  Finished case 29/36: prey=M1, predator=M1: prey=0.865720, predator=1.044360
  Finished case 30/36: prey=M2, predator=D: prey=0.868919, predator=1.040862
  Finished case 31/36: prey=M1, predator=M2: prey=0.654050, predator=1.158634
  Finished case 32/36: prey=M2, predator=N: prey=0.852480, predator=1.055020
  Finished case 33/36: prey=M2, predator=P1: prey=0.864083, predator=1.044751
  Finished case 34/36: prey=M2, predator=M2: prey=0.863460, predator=1.045619
  Finished case 35/36: prey=M2, predator=P2: prey=0.894915, predator=1.029663
  Finished case 36/36: prey=M2, predator=M1: prey=0.771079, predator=1.097017
  [62/121] w1=0.5, w2=0.6: prey=N, predator=M2, equilibria=1
  Starting pair 63/121: w1=0.5, w2=0.7
  Solving 36 payoff case(s) with 4 worker(s).
  Finished case 1/36: prey=D, predator=D: prey=0.879550, predator=1.039450
  Finished case 2/36: prey=D, predator=P1: prey=0.849299, predator=1.058293
  Finished case 3/36: prey=D, predator=P2: prey=0.850635, predator=1.060954
  Finished case 4/36: prey=D, predator=N: prey=0.663174, predator=1.162673
  Finished case 5/36: prey=D, predator=M1: prey=0.859253, predator=1.052970
  Finished case 6/36: prey=D, predator=M2: prey=0.835300, predator=1.069234
  Finished case 7/36: prey=N, predator=N: prey=0.857871, predator=1.043560
  Finished case 8/36: prey=N, predator=D: prey=0.833795, predator=1.051778
  Finished case 9/36: prey=N, predator=P1: prey=0.809695, predator=1.066540
  Finished case 10/36: prey=N, predator=P2: prey=0.863296, predator=1.039608
  Finished case 11/36: prey=N, predator=M1: prey=0.847663, predator=1.048049
  Finished case 12/36: prey=N, predator=M2: prey=0.823133, predator=1.059326
  Finished case 13/36: prey=P1, predator=D: prey=0.877626, predator=1.037566
  Finished case 14/36: prey=P1, predator=P1: prey=0.847909, predator=1.056758
  Finished case 15/36: prey=P1, predator=N: prey=0.855685, predator=1.056318
  Finished case 16/36: prey=P1, predator=P2: prey=0.816133, predator=1.074657
  Finished case 17/36: prey=P1, predator=M1: prey=0.881387, predator=1.039727
  Finished case 18/36: prey=P1, predator=M2: prey=0.762857, predator=1.102311
  Finished case 19/36: prey=P2, predator=D: prey=0.859581, predator=1.043079
  Finished case 20/36: prey=P2, predator=N: prey=0.790950, predator=1.083344
  Finished case 21/36: prey=P2, predator=P2: prey=0.865662, predator=1.041533
  Finished case 22/36: prey=P2, predator=P1: prey=0.840080, predator=1.053302
  Finished case 23/36: prey=P2, predator=M1: prey=0.853747, predator=1.047544
  Finished case 24/36: prey=P2, predator=M2: prey=0.837159, predator=1.055479
  Finished case 25/36: prey=M1, predator=D: prey=0.872127, predator=1.037758
  Finished case 26/36: prey=M1, predator=N: prey=0.795896, predator=1.083347
  Finished case 27/36: prey=M1, predator=P1: prey=0.830234, predator=1.061989
  Finished case 28/36: prey=M1, predator=P2: prey=0.771868, predator=1.095029
  Finished case 29/36: prey=M1, predator=M1: prey=0.857481, predator=1.048753
  Finished case 30/36: prey=M2, predator=D: prey=0.864858, predator=1.042984
  Finished case 31/36: prey=M1, predator=M2: prey=0.626294, predator=1.173087
  Finished case 32/36: prey=M2, predator=N: prey=0.850399, predator=1.056336
  Finished case 33/36: prey=M2, predator=P1: prey=0.849767, predator=1.052399
  Finished case 34/36: prey=M2, predator=P2: prey=0.891378, predator=1.031403
  Finished case 35/36: prey=M2, predator=M2: prey=0.856058, predator=1.049552
  Finished case 36/36: prey=M2, predator=M1: prey=0.773420, predator=1.095457
  [63/121] w1=0.5, w2=0.7: prey=N, predator=M2, equilibria=1
  Starting pair 64/121: w1=0.5, w2=0.8
  Solving 36 payoff case(s) with 4 worker(s).
  Finished case 1/36: prey=D, predator=D: prey=0.879651, predator=1.039365
  Finished case 2/36: prey=D, predator=P1: prey=0.853030, predator=1.056419
  Finished case 3/36: prey=D, predator=P2: prey=0.843949, predator=1.064827
  Finished case 4/36: prey=D, predator=N: prey=0.752212, predator=1.116084
  Finished case 5/36: prey=D, predator=M1: prey=0.863142, predator=1.050960
  Finished case 6/36: prey=N, predator=N: prey=0.860686, predator=1.042695
  Finished case 7/36: prey=D, predator=M2: prey=0.828322, predator=1.073296
  Finished case 8/36: prey=N, predator=D: prey=0.823374, predator=1.057659
  Finished case 9/36: prey=N, predator=P1: prey=0.801123, predator=1.070951
  Finished case 10/36: prey=N, predator=P2: prey=0.857134, predator=1.042938
  Finished case 11/36: prey=N, predator=M1: prey=0.839241, predator=1.052646
  Finished case 12/36: prey=N, predator=M2: prey=0.814377, predator=1.063879
  Finished case 13/36: prey=P1, predator=D: prey=0.870361, predator=1.041531
  Finished case 14/36: prey=P1, predator=P1: prey=0.841729, predator=1.059973
  Finished case 15/36: prey=P1, predator=N: prey=0.867586, predator=1.050445
  Finished case 16/36: prey=P1, predator=P2: prey=0.801728, predator=1.082012
  Finished case 17/36: prey=P1, predator=M2: prey=0.741369, predator=1.113455
  Finished case 18/36: prey=P1, predator=M1: prey=0.877640, predator=1.041612
  Finished case 19/36: prey=P2, predator=D: prey=0.854405, predator=1.045826
  Finished case 20/36: prey=P2, predator=N: prey=0.822286, predator=1.067031
  Finished case 21/36: prey=P2, predator=P2: prey=0.859863, predator=1.044607
  Finished case 22/36: prey=P2, predator=M1: prey=0.842216, predator=1.053834
  Finished case 23/36: prey=P2, predator=P1: prey=0.843214, predator=1.051725
  Finished case 24/36: prey=P2, predator=M2: prey=0.830726, predator=1.059109
  Finished case 25/36: prey=M1, predator=D: prey=0.864883, predator=1.041744
  Finished case 26/36: prey=M1, predator=N: prey=0.827400, predator=1.067036
  Finished case 27/36: prey=M1, predator=P1: prey=0.822756, predator=1.066154
  Finished case 28/36: prey=M1, predator=P2: prey=0.750745, predator=1.106085
  Finished case 29/36: prey=M1, predator=M1: prey=0.851079, predator=1.052126
  Finished case 30/36: prey=M2, predator=D: prey=0.859668, predator=1.045723
  Finished case 31/36: prey=M1, predator=M2: prey=0.616889, predator=1.177843
  Finished case 32/36: prey=M2, predator=N: prey=0.862151, predator=1.050508
  Finished case 33/36: prey=M2, predator=P1: prey=0.838980, predator=1.058231
  Finished case 34/36: prey=M2, predator=P2: prey=0.887502, predator=1.033402
  Finished case 35/36: prey=M2, predator=M2: prey=0.850529, predator=1.052441
  Finished case 36/36: prey=M2, predator=M1: prey=0.781297, predator=1.091009
  [64/121] w1=0.5, w2=0.8: prey=P2, predator=M2, equilibria=1
  Starting pair 65/121: w1=0.5, w2=0.9
  Solving 36 payoff case(s) with 4 worker(s).
  Finished case 1/36: prey=D, predator=D: prey=0.879263, predator=1.039555
  Finished case 2/36: prey=D, predator=P2: prey=0.837986, predator=1.068385
  Finished case 3/36: prey=D, predator=P1: prey=0.857727, predator=1.054182
  Finished case 4/36: prey=D, predator=N: prey=0.833975, predator=1.074256
  Finished case 5/36: prey=D, predator=M1: prey=0.867497, predator=1.048894
  Finished case 6/36: prey=N, predator=N: prey=0.883625, predator=1.031253
  Finished case 7/36: prey=D, predator=M2: prey=0.822053, predator=1.077065
  Finished case 8/36: prey=N, predator=D: prey=0.799593, predator=1.071240
  Finished case 9/36: prey=N, predator=P1: prey=0.795259, predator=1.073936
  Finished case 10/36: prey=N, predator=M1: prey=0.834964, predator=1.054964
  Finished case 11/36: prey=N, predator=P2: prey=0.854541, predator=1.044316
  Finished case 12/36: prey=N, predator=M2: prey=0.808360, predator=1.066988
  Finished case 13/36: prey=P1, predator=P1: prey=0.836648, predator=1.062614
  Finished case 14/36: prey=P1, predator=D: prey=0.863126, predator=1.045430
  Finished case 15/36: prey=P1, predator=N: prey=0.880579, predator=1.044989
  Finished case 16/36: prey=P1, predator=P2: prey=0.791744, predator=1.087066
  Finished case 17/36: prey=P1, predator=M1: prey=0.873944, predator=1.043550
  Finished case 18/36: prey=P1, predator=M2: prey=0.732435, predator=1.117794
  Finished case 19/36: prey=P2, predator=D: prey=0.848684, predator=1.048835
  Finished case 20/36: prey=P2, predator=N: prey=0.853198, predator=1.052129
  Finished case 21/36: prey=P2, predator=P2: prey=0.854820, predator=1.047301
  Finished case 22/36: prey=P2, predator=M1: prey=0.837261, predator=1.056532
  Finished case 23/36: prey=P2, predator=P1: prey=0.842897, predator=1.052076
  Finished case 24/36: prey=P2, predator=M2: prey=0.826089, predator=1.061797
  Finished case 25/36: prey=M1, predator=D: prey=0.857677, predator=1.045658
  Finished case 26/36: prey=M1, predator=N: prey=0.858921, predator=1.051917
  Finished case 27/36: prey=M1, predator=P1: prey=0.817480, predator=1.069147
  Finished case 28/36: prey=M1, predator=P2: prey=0.741170, predator=1.110853
  Finished case 29/36: prey=M1, predator=M1: prey=0.845762, predator=1.054929
  Finished case 30/36: prey=M2, predator=D: prey=0.853946, predator=1.048717
  Finished case 31/36: prey=M1, predator=M2: prey=0.646286, predator=1.161200
  Finished case 32/36: prey=M2, predator=N: prey=0.875009, predator=1.045060
  Finished case 33/36: prey=M2, predator=P1: prey=0.834706, predator=1.060542
  Finished case 34/36: prey=M2, predator=P2: prey=0.883544, predator=1.035532
  Finished case 35/36: prey=M2, predator=M2: prey=0.845719, predator=1.054976
  Finished case 36/36: prey=M2, predator=M1: prey=0.793887, predator=1.084128
  [65/121] w1=0.5, w2=0.9: prey=D, predator=M2, equilibria=1
  Starting pair 66/121: w1=0.5, w2=1
  Solving 36 payoff case(s) with 4 worker(s).
  Finished case 1/36: prey=D, predator=D: prey=0.878058, predator=1.040196
  Finished case 2/36: prey=D, predator=P1: prey=0.861731, predator=1.052535
  Finished case 3/36: prey=D, predator=P2: prey=0.835374, predator=1.070140
  Finished case 4/36: prey=D, predator=N: prey=0.987981, predator=0.991176
  Finished case 5/36: prey=D, predator=M1: prey=0.872371, predator=1.046707
  Finished case 6/36: prey=N, predator=N: prey=0.962251, predator=0.988856
  Finished case 7/36: prey=D, predator=M2: prey=0.819619, predator=1.078750
  Finished case 8/36: prey=N, predator=D: prey=0.766958, predator=1.089828
  Finished case 9/36: prey=N, predator=P1: prey=0.787290, predator=1.078215
  Finished case 10/36: prey=N, predator=P2: prey=0.855005, predator=1.044057
  Finished case 11/36: prey=N, predator=M1: prey=0.834498, predator=1.055216
  Finished case 12/36: prey=N, predator=M2: prey=0.801983, predator=1.070408
  Finished case 13/36: prey=P1, predator=D: prey=0.858332, predator=1.047878
  Finished case 14/36: prey=P1, predator=P1: prey=0.832426, predator=1.064860
  Finished case 15/36: prey=P1, predator=N: prey=0.982740, predator=0.989627
  Finished case 16/36: prey=P1, predator=P2: prey=0.773906, predator=1.096762
  Finished case 17/36: prey=P1, predator=M1: prey=0.870977, predator=1.045156
  Finished case 18/36: prey=P1, predator=M2: prey=0.681587, predator=1.145807
  Finished case 19/36: prey=P2, predator=D: prey=0.843482, predator=1.051470
  Finished case 20/36: prey=P2, predator=N: prey=0.971193, predator=0.988346
  Finished case 21/36: prey=P2, predator=P2: prey=0.850625, predator=1.049597
  Finished case 22/36: prey=P2, predator=P1: prey=0.846406, predator=1.050506
  Finished case 23/36: prey=P2, predator=M1: prey=0.838230, predator=1.056075
  Finished case 24/36: prey=P2, predator=M2: prey=0.823262, predator=1.063562
  Finished case 25/36: prey=M1, predator=D: prey=0.852949, predator=1.048084
  Finished case 26/36: prey=M1, predator=N: prey=0.977203, predator=0.988346
  Finished case 27/36: prey=M1, predator=P1: prey=0.814227, predator=1.071101
  Finished case 28/36: prey=M1, predator=P2: prey=0.690532, predator=1.138974
  Finished case 29/36: prey=M1, predator=M1: prey=0.841417, predator=1.057264
  Finished case 30/36: prey=M2, predator=D: prey=0.848807, predator=1.051303
  Finished case 31/36: prey=M1, predator=M2: prey=0.627110, predator=1.172297
  Finished case 32/36: prey=M2, predator=N: prey=0.976737, predator=0.989625
  Finished case 33/36: prey=M2, predator=P1: prey=0.836236, predator=1.059792
  Finished case 34/36: prey=M2, predator=P2: prey=0.880374, predator=1.037294
  Finished case 35/36: prey=M2, predator=M2: prey=0.841634, predator=1.057191
  Finished case 36/36: prey=M2, predator=M1: prey=0.809981, predator=1.075452
  [66/121] w1=0.5, w2=1: prey=M2, predator=M2, equilibria=1
  Starting pair 67/121: w1=0.6, w2=0
  Solving 36 payoff case(s) with 4 worker(s).
  Finished case 1/36: prey=D, predator=D: prey=0.876304, predator=1.041378
  Finished case 2/36: prey=D, predator=P2: prey=0.894982, predator=1.036183
  Finished case 3/36: prey=D, predator=P1: prey=0.856116, predator=1.053878
  Finished case 4/36: prey=D, predator=N: prey=0.764136, predator=1.109924
  Finished case 5/36: prey=D, predator=M1: prey=0.872858, predator=1.044717
  Finished case 6/36: prey=N, predator=N: prey=0.917323, predator=1.012082
  Finished case 7/36: prey=D, predator=M2: prey=0.884895, predator=1.041331
  Finished case 8/36: prey=N, predator=D: prey=0.837962, predator=1.050472
  Finished case 9/36: prey=N, predator=P1: prey=0.854645, predator=1.043215
  Finished case 10/36: prey=N, predator=P2: prey=0.881874, predator=1.030430
  Finished case 11/36: prey=N, predator=M1: prey=0.864962, predator=1.039750
  Finished case 12/36: prey=N, predator=M2: prey=0.867063, predator=1.036392
  Finished case 13/36: prey=P1, predator=P1: prey=0.945532, predator=1.003961
  Finished case 14/36: prey=P1, predator=D: prey=0.905657, predator=1.022684
  Finished case 15/36: prey=P1, predator=N: prey=1.012534, predator=0.971685
  Finished case 16/36: prey=P1, predator=P2: prey=0.953464, predator=1.001974
  Finished case 17/36: prey=P1, predator=M2: prey=0.931881, predator=1.012674
  Finished case 18/36: prey=P1, predator=M1: prey=0.963692, predator=0.995332
  Finished case 19/36: prey=P2, predator=D: prey=0.880810, predator=1.032132
  Finished case 20/36: prey=P2, predator=N: prey=0.939280, predator=1.002642
  Finished case 21/36: prey=P2, predator=P2: prey=0.950924, predator=0.994958
  Finished case 22/36: prey=P2, predator=M1: prey=0.935480, predator=1.004259
  Finished case 23/36: prey=P2, predator=P1: prey=0.877979, predator=1.032284
  Finished case 24/36: prey=P2, predator=M2: prey=0.911454, predator=1.013929
  Finished case 25/36: prey=M1, predator=D: prey=0.900173, predator=1.022753
  Finished case 26/36: prey=M1, predator=N: prey=0.945787, predator=1.002229
  Finished case 27/36: prey=M1, predator=P1: prey=0.911735, predator=1.016683
  Finished case 28/36: prey=M1, predator=P2: prey=0.935221, predator=1.007881
  Finished case 29/36: prey=M1, predator=M1: prey=0.949976, predator=0.998448
  Finished case 30/36: prey=M2, predator=D: prey=0.886008, predator=1.032143
  Finished case 31/36: prey=M1, predator=M2: prey=0.891502, predator=1.028255
  Finished case 32/36: prey=M2, predator=N: prey=1.006194, predator=0.971808
  Finished case 33/36: prey=M2, predator=P1: prey=0.934351, predator=1.007761
  Finished case 34/36: prey=M2, predator=P2: prey=0.965907, predator=0.991089
  Finished case 35/36: prey=M2, predator=M2: prey=0.945998, predator=1.000743
  Finished case 36/36: prey=M2, predator=M1: prey=0.901838, predator=1.027012
  [67/121] w1=0.6, w2=0: prey=P1, predator=D, equilibria=1
  Starting pair 68/121: w1=0.6, w2=0.1
  Solving 36 payoff case(s) with 4 worker(s).
  Finished case 1/36: prey=D, predator=D: prey=0.876316, predator=1.041257
  Finished case 2/36: prey=D, predator=P2: prey=0.894478, predator=1.036286
  Finished case 3/36: prey=D, predator=P1: prey=0.853764, predator=1.055378
  Finished case 4/36: prey=D, predator=N: prey=0.755516, predator=1.114345
  Finished case 5/36: prey=D, predator=M1: prey=0.872220, predator=1.045179
  Finished case 6/36: prey=D, predator=M2: prey=0.884242, predator=1.041536
  Finished case 7/36: prey=N, predator=N: prey=0.913956, predator=1.013760
  Finished case 8/36: prey=N, predator=D: prey=0.842595, predator=1.047656
  Finished case 9/36: prey=N, predator=P1: prey=0.846848, predator=1.047624
  Finished case 10/36: prey=N, predator=P2: prey=0.882980, predator=1.029731
  Finished case 11/36: prey=N, predator=M1: prey=0.866642, predator=1.038724
  Finished case 12/36: prey=N, predator=M2: prey=0.862023, predator=1.039212
  Finished case 13/36: prey=P1, predator=P1: prey=0.934585, predator=1.010053
  Finished case 14/36: prey=P1, predator=D: prey=0.903538, predator=1.023746
  Finished case 15/36: prey=P1, predator=N: prey=0.991048, predator=0.983525
  Finished case 16/36: prey=P1, predator=P2: prey=0.942131, predator=1.007941
  Finished case 17/36: prey=P1, predator=M1: prey=0.952186, predator=1.001718
  Finished case 18/36: prey=P1, predator=M2: prey=0.921976, predator=1.017812
  Finished case 19/36: prey=P2, predator=D: prey=0.878363, predator=1.033376
  Finished case 20/36: prey=P2, predator=N: prey=0.933210, predator=1.005879
  Finished case 21/36: prey=P2, predator=P2: prey=0.942228, predator=0.999802
  Finished case 22/36: prey=P2, predator=M1: prey=0.926131, predator=1.009452
  Finished case 23/36: prey=P2, predator=P1: prey=0.854002, predator=1.045840
  Finished case 24/36: prey=P2, predator=M2: prey=0.905227, predator=1.017523
  Finished case 25/36: prey=M1, predator=D: prey=0.898067, predator=1.023816
  Finished case 26/36: prey=M1, predator=N: prey=0.939710, predator=1.005461
  Finished case 27/36: prey=M1, predator=P1: prey=0.904676, predator=1.020748
  Finished case 28/36: prey=M1, predator=P2: prey=0.926334, predator=1.012461
  Finished case 29/36: prey=M1, predator=M1: prey=0.940133, predator=1.003933
  Finished case 30/36: prey=M2, predator=D: prey=0.883579, predator=1.033369
  Finished case 31/36: prey=M1, predator=M2: prey=0.872220, predator=1.038917
  Finished case 32/36: prey=M2, predator=N: prey=0.984692, predator=0.983708
  Finished case 33/36: prey=M2, predator=P1: prey=0.924009, predator=1.013489
  Finished case 34/36: prey=M2, predator=P2: prey=0.956207, predator=0.996456
  Finished case 35/36: prey=M2, predator=M2: prey=0.936315, predator=1.006121
  Finished case 36/36: prey=M2, predator=M1: prey=0.884009, predator=1.036914
  [68/121] w1=0.6, w2=0.1: prey=P1, predator=D, equilibria=1
  Starting pair 69/121: w1=0.6, w2=0.2
  Solving 36 payoff case(s) with 4 worker(s).
  Finished case 1/36: prey=D, predator=D: prey=0.876508, predator=1.041062
  Finished case 2/36: prey=D, predator=P1: prey=0.858651, predator=1.052608
  Finished case 3/36: prey=D, predator=P2: prey=0.892959, predator=1.037002
  Finished case 4/36: prey=D, predator=N: prey=0.733644, predator=1.125935
  Finished case 5/36: prey=D, predator=M1: prey=0.873686, predator=1.044427
  Finished case 6/36: prey=N, predator=N: prey=0.903744, predator=1.019063
  Finished case 7/36: prey=D, predator=M2: prey=0.882150, predator=1.042607
  Finished case 8/36: prey=N, predator=D: prey=0.847586, predator=1.044640
  Finished case 9/36: prey=N, predator=P1: prey=0.843452, predator=1.049502
  Finished case 10/36: prey=N, predator=P2: prey=0.883668, predator=1.029242
  Finished case 11/36: prey=N, predator=M1: prey=0.867542, predator=1.038103
  Finished case 12/36: prey=N, predator=M2: prey=0.859010, predator=1.040876
  Finished case 13/36: prey=P1, predator=P1: prey=0.921401, predator=1.017323
  Finished case 14/36: prey=P1, predator=D: prey=0.901115, predator=1.024985
  Finished case 15/36: prey=P1, predator=N: prey=0.964942, predator=0.997755
  Finished case 16/36: prey=P1, predator=P2: prey=0.928527, predator=1.015166
  Finished case 17/36: prey=P1, predator=M1: prey=0.939250, predator=1.008831
  Finished case 18/36: prey=P1, predator=M2: prey=0.907902, predator=1.025285
  Finished case 19/36: prey=P2, predator=D: prey=0.875799, predator=1.034682
  Finished case 20/36: prey=P2, predator=N: prey=0.914772, predator=1.016074
  Finished case 21/36: prey=P2, predator=P2: prey=0.930908, predator=1.006091
  Finished case 22/36: prey=P2, predator=M1: prey=0.918663, predator=1.013434
  Finished case 23/36: prey=P2, predator=P1: prey=0.837991, predator=1.054708
  Finished case 24/36: prey=P2, predator=M2: prey=0.897229, predator=1.022095
  Finished case 25/36: prey=M1, predator=D: prey=0.895658, predator=1.025058
  Finished case 26/36: prey=M1, predator=N: prey=0.920663, predator=1.015966
  Finished case 27/36: prey=M1, predator=P1: prey=0.895043, predator=1.026252
  Finished case 28/36: prey=M1, predator=P2: prey=0.913734, predator=1.019126
  Finished case 29/36: prey=M1, predator=M1: prey=0.927068, predator=1.011197
  Finished case 30/36: prey=M2, predator=D: prey=0.881026, predator=1.034660
  Finished case 31/36: prey=M1, predator=M2: prey=0.829649, predator=1.063081
  Finished case 32/36: prey=M2, predator=N: prey=0.959017, predator=0.997772
  Finished case 33/36: prey=M2, predator=P1: prey=0.912400, predator=1.019868
  Finished case 34/36: prey=M2, predator=P2: prey=0.944113, predator=1.003135
  Finished case 35/36: prey=M2, predator=M2: prey=0.925103, predator=1.012281
  Finished case 36/36: prey=M2, predator=M1: prey=0.869117, predator=1.044960
  [69/121] w1=0.6, w2=0.2: prey=P1, predator=M2, equilibria=1
  Starting pair 70/121: w1=0.6, w2=0.3
  Solving 36 payoff case(s) with 4 worker(s).
  Finished case 1/36: prey=D, predator=D: prey=0.876873, predator=1.040792
  Finished case 2/36: prey=D, predator=P1: prey=0.864928, predator=1.049060
  Finished case 3/36: prey=D, predator=P2: prey=0.888812, predator=1.039253
  Finished case 4/36: prey=D, predator=N: prey=0.683999, predator=1.151934
  Finished case 5/36: prey=D, predator=M1: prey=0.875234, predator=1.043673
  Finished case 6/36: prey=D, predator=M2: prey=0.876871, predator=1.045545
  Finished case 7/36: prey=N, predator=N: prey=0.890766, predator=1.025848
  Finished case 8/36: prey=N, predator=D: prey=0.852776, predator=1.041529
  Finished case 9/36: prey=N, predator=P1: prey=0.843860, predator=1.049111
  Finished case 10/36: prey=N, predator=P2: prey=0.884063, predator=1.028896
  Finished case 11/36: prey=N, predator=M1: prey=0.868506, predator=1.037423
  Finished case 12/36: prey=N, predator=M2: prey=0.858153, predator=1.041230
  Finished case 13/36: prey=P1, predator=D: prey=0.898167, predator=1.026523
  Finished case 14/36: prey=P1, predator=P1: prey=0.906954, predator=1.025180
  Finished case 15/36: prey=P1, predator=N: prey=0.926034, predator=1.018827
  Finished case 16/36: prey=P1, predator=P2: prey=0.913281, predator=1.023121
  Finished case 17/36: prey=P1, predator=M2: prey=0.886160, predator=1.036991
  Finished case 18/36: prey=P1, predator=M1: prey=0.923726, predator=1.017344
  Finished case 19/36: prey=P2, predator=D: prey=0.873013, predator=1.036110
  Finished case 20/36: prey=P2, predator=N: prey=0.873864, predator=1.038370
  Finished case 21/36: prey=P2, predator=P2: prey=0.917438, predator=1.013524
  Finished case 22/36: prey=P2, predator=M1: prey=0.903391, predator=1.021729
  Finished case 23/36: prey=P2, predator=P1: prey=0.830526, predator=1.058829
  Finished case 24/36: prey=P2, predator=M2: prey=0.888116, predator=1.027212
  Finished case 25/36: prey=M1, predator=D: prey=0.892726, predator=1.026600
  Finished case 26/36: prey=M1, predator=N: prey=0.879203, predator=1.038418
  Finished case 27/36: prey=M1, predator=P1: prey=0.884262, predator=1.032306
  Finished case 28/36: prey=M1, predator=P2: prey=0.892968, predator=1.030357
  Finished case 29/36: prey=M1, predator=M1: prey=0.912571, predator=1.019165
  Finished case 30/36: prey=M2, predator=D: prey=0.878245, predator=1.036077
  Finished case 31/36: prey=M1, predator=M2: prey=0.777394, predator=1.092545
  Finished case 32/36: prey=M2, predator=N: prey=0.920348, predator=1.018847
  Finished case 33/36: prey=M2, predator=P1: prey=0.899446, predator=1.026785
  Finished case 34/36: prey=M2, predator=P2: prey=0.928831, predator=1.011583
  Finished case 35/36: prey=M2, predator=M2: prey=0.911675, predator=1.019608
  Finished case 36/36: prey=M2, predator=M1: prey=0.863846, predator=1.047201
  [70/121] w1=0.6, w2=0.3: prey=P1, predator=D, equilibria=1
  Starting pair 71/121: w1=0.6, w2=0.4
  Solving 36 payoff case(s) with 4 worker(s).
  Finished case 1/36: prey=D, predator=D: prey=0.877403, predator=1.040448
  Finished case 2/36: prey=D, predator=P2: prey=0.880492, predator=1.043897
  Finished case 3/36: prey=D, predator=P1: prey=0.860099, predator=1.051968
  Finished case 4/36: prey=D, predator=N: prey=0.624352, predator=1.183291
  Finished case 5/36: prey=D, predator=M1: prey=0.870778, predator=1.046327
  Finished case 6/36: prey=N, predator=N: prey=0.879313, predator=1.031852
  Finished case 7/36: prey=D, predator=M2: prey=0.867242, predator=1.050975
  Finished case 8/36: prey=N, predator=D: prey=0.857969, predator=1.038447
  Finished case 9/36: prey=N, predator=P1: prey=0.842086, predator=1.049864
  Finished case 10/36: prey=N, predator=M1: prey=0.867718, predator=1.037684
  Finished case 11/36: prey=N, predator=P2: prey=0.882436, predator=1.029650
  Finished case 12/36: prey=N, predator=M2: prey=0.855511, predator=1.042506
  Finished case 13/36: prey=P1, predator=P1: prey=0.890011, predator=1.034373
  Finished case 14/36: prey=P1, predator=D: prey=0.894416, predator=1.028513
  Finished case 15/36: prey=P1, predator=N: prey=0.894960, predator=1.035456
  Finished case 16/36: prey=P1, predator=P2: prey=0.885462, predator=1.038042
  Finished case 17/36: prey=P1, predator=M1: prey=0.908015, predator=1.025918
  Finished case 18/36: prey=P1, predator=M2: prey=0.855593, predator=1.053397
  Finished case 19/36: prey=P2, predator=D: prey=0.869912, predator=1.037716
  Finished case 20/36: prey=P2, predator=N: prey=0.825008, predator=1.064968
  Finished case 21/36: prey=P2, predator=P2: prey=0.902043, predator=1.021993
  Finished case 22/36: prey=P2, predator=M1: prey=0.891964, predator=1.027787
  Finished case 23/36: prey=P2, predator=P1: prey=0.832598, predator=1.057469
  Finished case 24/36: prey=P2, predator=M2: prey=0.876469, predator=1.033683
  Finished case 25/36: prey=M1, predator=D: prey=0.888991, predator=1.028598
  Finished case 26/36: prey=M1, predator=N: prey=0.830017, predator=1.065052
  Finished case 27/36: prey=M1, predator=P1: prey=0.871966, predator=1.039096
  Finished case 28/36: prey=M1, predator=P2: prey=0.862270, predator=1.046980
  Finished case 29/36: prey=M1, predator=M1: prey=0.896755, predator=1.027795
  Finished case 30/36: prey=M2, predator=D: prey=0.875142, predator=1.037674
  Finished case 31/36: prey=M1, predator=M2: prey=0.735404, predator=1.115349
  Finished case 32/36: prey=M2, predator=N: prey=0.889430, predator=1.035476
  Finished case 33/36: prey=M2, predator=P1: prey=0.888921, predator=1.032276
  Finished case 34/36: prey=M2, predator=P2: prey=0.914242, predator=1.019592
  Finished case 35/36: prey=M2, predator=M2: prey=0.895025, predator=1.028713
  Finished case 36/36: prey=M2, predator=M1: prey=0.825284, predator=1.068413
  [71/121] w1=0.6, w2=0.4: prey=P1, predator=M2, equilibria=1
  Starting pair 72/121: w1=0.6, w2=0.5
  Solving 36 payoff case(s) with 4 worker(s).
  Finished case 1/36: prey=D, predator=D: prey=0.878079, predator=1.040039
  Finished case 2/36: prey=D, predator=P1: prey=0.840208, predator=1.063287
  Finished case 3/36: prey=D, predator=P2: prey=0.868144, predator=1.050830
  Finished case 4/36: prey=D, predator=N: prey=0.599244, predator=1.196154
  Finished case 5/36: prey=D, predator=M1: prey=0.854822, predator=1.055318
  Finished case 6/36: prey=D, predator=M2: prey=0.853723, predator=1.058596
  Finished case 7/36: prey=N, predator=N: prey=0.870791, predator=1.036378
  Finished case 8/36: prey=N, predator=D: prey=0.862866, predator=1.035587
  Finished case 9/36: prey=N, predator=P1: prey=0.836952, predator=1.052457
  Finished case 10/36: prey=N, predator=P2: prey=0.878451, predator=1.031724
  Finished case 11/36: prey=N, predator=M1: prey=0.864369, predator=1.039366
  Finished case 12/36: prey=N, predator=M2: prey=0.850144, predator=1.045262
  Finished case 13/36: prey=P1, predator=D: prey=0.889508, predator=1.031151
  Finished case 14/36: prey=P1, predator=P1: prey=0.873564, predator=1.043267
  Finished case 15/36: prey=P1, predator=N: prey=0.873985, predator=1.046554
  Finished case 16/36: prey=P1, predator=P2: prey=0.858161, predator=1.052395
  Finished case 17/36: prey=P1, predator=M1: prey=0.897055, predator=1.031789
  Finished case 18/36: prey=P1, predator=M2: prey=0.819635, predator=1.072399
  Finished case 19/36: prey=P2, predator=D: prey=0.866372, predator=1.039567
  Finished case 20/36: prey=P2, predator=N: prey=0.788391, predator=1.084899
  Finished case 21/36: prey=P2, predator=P2: prey=0.888127, predator=1.029597
  Finished case 22/36: prey=P2, predator=P1: prey=0.834973, predator=1.056078
  Finished case 23/36: prey=P2, predator=M1: prey=0.886442, predator=1.030421
  Finished case 24/36: prey=P2, predator=M2: prey=0.862560, predator=1.041404
  Finished case 25/36: prey=M1, predator=D: prey=0.884099, predator=1.031249
  Finished case 26/36: prey=M1, predator=N: prey=0.793302, predator=1.084935
  Finished case 27/36: prey=M1, predator=P1: prey=0.857896, predator=1.046825
  Finished case 28/36: prey=M1, predator=P2: prey=0.826170, predator=1.066241
  Finished case 29/36: prey=M1, predator=M1: prey=0.881987, predator=1.035802
  Finished case 30/36: prey=M2, predator=D: prey=0.871594, predator=1.039519
  Finished case 31/36: prey=M1, predator=M2: prey=0.693554, predator=1.137466
  Finished case 32/36: prey=M2, predator=N: prey=0.868556, predator=1.046587
  Finished case 33/36: prey=M2, predator=P1: prey=0.880990, predator=1.036306
  Finished case 34/36: prey=M2, predator=P2: prey=0.904923, predator=1.024579
  Finished case 35/36: prey=M2, predator=M2: prey=0.879453, predator=1.037195
  Finished case 36/36: prey=M2, predator=M1: prey=0.807488, predator=1.077896
  [72/121] w1=0.6, w2=0.5: prey=N, predator=M2, equilibria=1
  Starting pair 73/121: w1=0.6, w2=0.6
  Solving 36 payoff case(s) with 4 worker(s).
  Finished case 1/36: prey=D, predator=D: prey=0.878859, predator=1.039586
  Finished case 2/36: prey=D, predator=P2: prey=0.857164, predator=1.056983
  Finished case 3/36: prey=D, predator=P1: prey=0.836817, predator=1.064989
  Finished case 4/36: prey=D, predator=N: prey=0.608210, predator=1.191379
  Finished case 5/36: prey=D, predator=M1: prey=0.848700, predator=1.058612
  Finished case 6/36: prey=D, predator=M2: prey=0.842410, predator=1.064926
  Finished case 7/36: prey=N, predator=N: prey=0.865424, predator=1.039365
  Finished case 8/36: prey=N, predator=D: prey=0.866593, predator=1.033479
  Finished case 9/36: prey=N, predator=P1: prey=0.830183, predator=1.055944
  Finished case 10/36: prey=N, predator=M1: prey=0.859113, predator=1.042165
  Finished case 11/36: prey=N, predator=P2: prey=0.873625, predator=1.034306
  Finished case 12/36: prey=N, predator=M2: prey=0.843424, predator=1.048755
  Finished case 13/36: prey=P1, predator=P1: prey=0.861492, predator=1.049726
  Finished case 14/36: prey=P1, predator=D: prey=0.883041, predator=1.034661
  Finished case 15/36: prey=P1, predator=N: prey=0.863650, predator=1.052018
  Finished case 16/36: prey=P1, predator=P2: prey=0.832145, predator=1.065966
  Finished case 17/36: prey=P1, predator=M2: prey=0.782153, predator=1.092073
  Finished case 18/36: prey=P1, predator=M1: prey=0.889539, predator=1.035708
  Finished case 19/36: prey=P2, predator=D: prey=0.862159, predator=1.041797
  Finished case 20/36: prey=P2, predator=N: prey=0.779126, predator=1.089692
  Finished case 21/36: prey=P2, predator=P2: prey=0.878185, predator=1.034954
  Finished case 22/36: prey=P2, predator=M1: prey=0.876736, predator=1.035444
  Finished case 23/36: prey=P2, predator=P1: prey=0.840833, predator=1.052877
  Finished case 24/36: prey=P2, predator=M2: prey=0.850355, predator=1.048189
  Finished case 25/36: prey=M1, predator=D: prey=0.877651, predator=1.034779
  Finished case 26/36: prey=M1, predator=N: prey=0.784020, predator=1.089695
  Finished case 27/36: prey=M1, predator=P1: prey=0.844672, predator=1.054106
  Finished case 28/36: prey=M1, predator=P2: prey=0.789999, predator=1.085338
  Finished case 29/36: prey=M1, predator=M1: prey=0.870870, predator=1.041766
  Finished case 30/36: prey=M2, predator=D: prey=0.867364, predator=1.041745
  Finished case 31/36: prey=M1, predator=M2: prey=0.652444, predator=1.159037
  Finished case 32/36: prey=M2, predator=N: prey=0.858283, predator=1.052053
  Finished case 33/36: prey=M2, predator=P1: prey=0.871962, predator=1.040851
  Finished case 34/36: prey=M2, predator=P2: prey=0.898654, predator=1.027821
  Finished case 35/36: prey=M2, predator=M2: prey=0.868675, predator=1.042983
  Finished case 36/36: prey=M2, predator=M1: prey=0.801813, predator=1.080674
  [73/121] w1=0.6, w2=0.6: prey=N, predator=M1, equilibria=1
  Starting pair 74/121: w1=0.6, w2=0.7
  Solving 36 payoff case(s) with 4 worker(s).
  Finished case 1/36: prey=D, predator=D: prey=0.879657, predator=1.039133
  Finished case 2/36: prey=D, predator=P1: prey=0.845825, predator=1.059955
  Finished case 3/36: prey=D, predator=P2: prey=0.849153, predator=1.061558
  Finished case 4/36: prey=D, predator=N: prey=0.655856, predator=1.166487
  Finished case 5/36: prey=D, predator=M1: prey=0.855757, predator=1.054659
  Finished case 6/36: prey=N, predator=N: prey=0.863992, predator=1.040450
  Finished case 7/36: prey=D, predator=M2: prey=0.833742, predator=1.069886
  Finished case 8/36: prey=N, predator=D: prey=0.867289, predator=1.033218
  Finished case 9/36: prey=N, predator=P1: prey=0.823248, predator=1.059530
  Finished case 10/36: prey=N, predator=P2: prey=0.869865, predator=1.036326
  Finished case 11/36: prey=N, predator=M1: prey=0.854203, predator=1.044822
  Finished case 12/36: prey=N, predator=M2: prey=0.836545, predator=1.052343
  Finished case 13/36: prey=P1, predator=D: prey=0.874723, predator=1.039200
  Finished case 14/36: prey=P1, predator=P1: prey=0.852972, predator=1.054204
  Finished case 15/36: prey=P1, predator=N: prey=0.863121, predator=1.052458
  Finished case 16/36: prey=P1, predator=P2: prey=0.807857, predator=1.078677
  Finished case 17/36: prey=P1, predator=M2: prey=0.748146, predator=1.109943
  Finished case 18/36: prey=P1, predator=M1: prey=0.883882, predator=1.038586
  Finished case 19/36: prey=P2, predator=D: prey=0.857038, predator=1.044533
  Finished case 20/36: prey=P2, predator=N: prey=0.788917, predator=1.084510
  Finished case 21/36: prey=P2, predator=P2: prey=0.870737, predator=1.038909
  Finished case 22/36: prey=P2, predator=M1: prey=0.863994, predator=1.042377
  Finished case 23/36: prey=P2, predator=P1: prey=0.847284, predator=1.049519
  Finished case 24/36: prey=P2, predator=M2: prey=0.841789, predator=1.052970
  Finished case 25/36: prey=M1, predator=D: prey=0.869359, predator=1.039341
  Finished case 26/36: prey=M1, predator=N: prey=0.793829, predator=1.084524
  Finished case 27/36: prey=M1, predator=P1: prey=0.834771, predator=1.059578
  Finished case 28/36: prey=M1, predator=P2: prey=0.756899, predator=1.102862
  Finished case 29/36: prey=M1, predator=M1: prey=0.862537, predator=1.046177
  Finished case 30/36: prey=M2, predator=D: prey=0.862214, predator=1.044481
  Finished case 31/36: prey=M1, predator=M2: prey=0.622171, predator=1.174814
  Finished case 32/36: prey=M2, predator=N: prey=0.857784, predator=1.052480
  Finished case 33/36: prey=M2, predator=P1: prey=0.859767, predator=1.047406
  Finished case 34/36: prey=M2, predator=P2: prey=0.893374, predator=1.030524
  Finished case 35/36: prey=M2, predator=M2: prey=0.861140, predator=1.046949
  Finished case 36/36: prey=M2, predator=M1: prey=0.803127, predator=1.079690
  [74/121] w1=0.6, w2=0.7: prey=N, predator=P1, equilibria=1
  Starting pair 75/121: w1=0.6, w2=0.8
  Solving 36 payoff case(s) with 4 worker(s).
  Finished case 1/36: prey=D, predator=D: prey=0.880329, predator=1.038761
  Finished case 2/36: prey=D, predator=P1: prey=0.850833, predator=1.057449
  Finished case 3/36: prey=D, predator=P2: prey=0.843263, predator=1.065017
  Finished case 4/36: prey=D, predator=N: prey=0.746082, predator=1.119320
  Finished case 5/36: prey=D, predator=M1: prey=0.860913, predator=1.052015
  Finished case 6/36: prey=D, predator=M2: prey=0.827675, predator=1.073468
  Finished case 7/36: prey=N, predator=N: prey=0.870110, predator=1.037707
  Finished case 8/36: prey=N, predator=D: prey=0.871910, predator=1.030605
  Finished case 9/36: prey=N, predator=P1: prey=0.816917, predator=1.062809
  Finished case 10/36: prey=N, predator=M1: prey=0.851235, predator=1.046429
  Finished case 11/36: prey=N, predator=P2: prey=0.867981, predator=1.037330
  Finished case 12/36: prey=N, predator=M2: prey=0.830208, predator=1.055658
  Finished case 13/36: prey=P1, predator=D: prey=0.864847, predator=1.044587
  Finished case 14/36: prey=P1, predator=P1: prey=0.846279, predator=1.057667
  Finished case 15/36: prey=P1, predator=N: prey=0.875616, predator=1.046227
  Finished case 16/36: prey=P1, predator=P2: prey=0.790145, predator=1.087818
  Finished case 17/36: prey=P1, predator=M1: prey=0.878765, predator=1.041207
  Finished case 18/36: prey=P1, predator=M2: prey=0.725591, predator=1.121624
  Finished case 19/36: prey=P2, predator=D: prey=0.851693, predator=1.047370
  Finished case 20/36: prey=P2, predator=N: prey=0.823012, predator=1.066694
  Finished case 21/36: prey=P2, predator=P2: prey=0.864375, predator=1.042268
  Finished case 22/36: prey=P2, predator=P1: prey=0.848812, predator=1.048965
  Finished case 23/36: prey=P2, predator=M1: prey=0.856420, predator=1.046484
  Finished case 24/36: prey=P2, predator=M2: prey=0.835766, predator=1.056374
  Finished case 25/36: prey=M1, predator=D: prey=0.859525, predator=1.044748
  Finished case 26/36: prey=M1, predator=N: prey=0.828120, predator=1.066703
  Finished case 27/36: prey=M1, predator=P1: prey=0.827792, predator=1.063465
  Finished case 28/36: prey=M1, predator=P2: prey=0.734919, predator=1.114340
  Finished case 29/36: prey=M1, predator=M1: prey=0.855699, predator=1.049760
  Finished case 30/36: prey=M2, predator=D: prey=0.856857, predator=1.047308
  Finished case 31/36: prey=M1, predator=M2: prey=0.610249, predator=1.180883
  Finished case 32/36: prey=M2, predator=N: prey=0.870104, predator=1.046307
  Finished case 33/36: prey=M2, predator=P1: prey=0.852727, predator=1.051191
  Finished case 34/36: prey=M2, predator=P2: prey=0.888178, predator=1.033235
  Finished case 35/36: prey=M2, predator=M2: prey=0.854957, predator=1.050170
  Finished case 36/36: prey=M2, predator=M1: prey=0.809572, predator=1.076008
  [75/121] w1=0.6, w2=0.8: prey=P2, predator=M2, equilibria=1
  Starting pair 76/121: w1=0.6, w2=0.9
  Solving 36 payoff case(s) with 4 worker(s).
  Finished case 1/36: prey=D, predator=D: prey=0.880654, predator=1.038588
  Finished case 2/36: prey=D, predator=P1: prey=0.856550, predator=1.054720
  Finished case 3/36: prey=D, predator=P2: prey=0.837573, predator=1.068443
  Finished case 4/36: prey=D, predator=N: prey=0.831061, predator=1.075826
  Finished case 5/36: prey=D, predator=M1: prey=0.866328, predator=1.049425
  Finished case 6/36: prey=N, predator=N: prey=0.894702, predator=1.025084
  Finished case 7/36: prey=D, predator=M2: prey=0.821698, predator=1.077093
  Finished case 8/36: prey=N, predator=D: prey=0.899219, predator=1.014440
  Finished case 9/36: prey=N, predator=P1: prey=0.811461, predator=1.065659
  Finished case 10/36: prey=N, predator=P2: prey=0.867903, predator=1.037365
  Finished case 11/36: prey=N, predator=M1: prey=0.850421, predator=1.046871
  Finished case 12/36: prey=N, predator=M2: prey=0.824829, predator=1.058494
  Finished case 13/36: prey=P1, predator=D: prey=0.854756, predator=1.050037
  Finished case 14/36: prey=P1, predator=P1: prey=0.840578, predator=1.060621
  Finished case 15/36: prey=P1, predator=N: prey=0.888818, predator=1.040486
  Finished case 16/36: prey=P1, predator=P2: prey=0.776293, predator=1.094992
  Finished case 17/36: prey=P1, predator=M1: prey=0.874187, predator=1.043595
  Finished case 18/36: prey=P1, predator=M2: prey=0.717122, predator=1.125679
  Finished case 19/36: prey=P2, predator=D: prey=0.847329, predator=1.049595
  Finished case 20/36: prey=P2, predator=N: prey=0.858895, predator=1.048975
  Finished case 21/36: prey=P2, predator=P2: prey=0.858774, predator=1.045247
  Finished case 22/36: prey=P2, predator=M1: prey=0.854342, predator=1.047608
  Finished case 23/36: prey=P2, predator=P1: prey=0.854126, predator=1.046387
  Finished case 24/36: prey=P2, predator=M2: prey=0.831519, predator=1.058849
  Finished case 25/36: prey=M1, predator=D: prey=0.849495, predator=1.050206
  Finished case 26/36: prey=M1, predator=N: prey=0.864665, predator=1.048754
  Finished case 27/36: prey=M1, predator=P1: prey=0.822981, predator=1.066199
  Finished case 28/36: prey=M1, predator=P2: prey=0.726484, predator=1.118429
  Finished case 29/36: prey=M1, predator=M1: prey=0.849862, predator=1.052823
  Finished case 30/36: prey=M2, predator=D: prey=0.852501, predator=1.049516
  Finished case 31/36: prey=M1, predator=M2: prey=0.633267, predator=1.167780
  Finished case 32/36: prey=M2, predator=N: prey=0.883215, predator=1.040549
  Finished case 33/36: prey=M2, predator=P1: prey=0.851239, predator=1.051989
  Finished case 34/36: prey=M2, predator=M2: prey=0.849490, predator=1.053041
  Finished case 35/36: prey=M2, predator=P2: prey=0.883477, predator=1.035738
  Finished case 36/36: prey=M2, predator=M1: prey=0.819962, predator=1.070287
  [76/121] w1=0.6, w2=0.9: prey=P2, predator=M2, equilibria=1
  Starting pair 77/121: w1=0.6, w2=1
  Solving 36 payoff case(s) with 4 worker(s).
  Finished case 1/36: prey=D, predator=D: prey=0.880341, predator=1.038771
  Finished case 2/36: prey=D, predator=P2: prey=0.834898, predator=1.070248
  Finished case 3/36: prey=D, predator=P1: prey=0.861702, predator=1.052494
  Finished case 4/36: prey=D, predator=N: prey=0.987653, predator=0.991368
  Finished case 5/36: prey=D, predator=M1: prey=0.872215, predator=1.046731
  Finished case 6/36: prey=N, predator=N: prey=0.957299, predator=0.991321
  Finished case 7/36: prey=D, predator=M2: prey=0.819139, predator=1.078865
  Finished case 8/36: prey=N, predator=D: prey=0.911476, predator=1.006838
  Finished case 9/36: prey=N, predator=P1: prey=0.805862, predator=1.068685
  Finished case 10/36: prey=N, predator=P2: prey=0.869341, predator=1.036602
  Finished case 11/36: prey=N, predator=M1: prey=0.851445, predator=1.046335
  Finished case 12/36: prey=N, predator=M2: prey=0.819856, predator=1.061191
  Finished case 13/36: prey=P1, predator=D: prey=0.846373, predator=1.054451
  Finished case 14/36: prey=P1, predator=P1: prey=0.835753, predator=1.063163
  Finished case 15/36: prey=P1, predator=N: prey=0.981161, predator=0.990376
  Finished case 16/36: prey=P1, predator=P2: prey=0.763624, predator=1.101774
  Finished case 17/36: prey=P1, predator=M1: prey=0.870552, predator=1.045522
  Finished case 18/36: prey=P1, predator=M2: prey=0.679513, predator=1.146298
  Finished case 19/36: prey=P2, predator=D: prey=0.843086, predator=1.051677
  Finished case 20/36: prey=P2, predator=N: prey=0.970708, predator=0.988575
  Finished case 21/36: prey=P2, predator=P2: prey=0.854042, predator=1.047807
  Finished case 22/36: prey=P2, predator=P1: prey=0.862930, predator=1.041953
  Finished case 23/36: prey=P2, predator=M1: prey=0.856821, predator=1.046326
  Finished case 24/36: prey=P2, predator=M2: prey=0.828702, predator=1.060596
  Finished case 25/36: prey=M1, predator=D: prey=0.841184, predator=1.054610
  Finished case 26/36: prey=M1, predator=N: prey=0.976716, predator=0.988575
  Finished case 27/36: prey=M1, predator=P1: prey=0.819812, predator=1.068088
  Finished case 28/36: prey=M1, predator=P2: prey=0.688885, predator=1.139219
  Finished case 29/36: prey=M1, predator=M1: prey=0.844984, predator=1.055419
  Finished case 30/36: prey=M2, predator=D: prey=0.848184, predator=1.051630
  Finished case 31/36: prey=M1, predator=M2: prey=0.633800, predator=1.167764
  Finished case 32/36: prey=M2, predator=N: prey=0.975168, predator=0.990375
  Finished case 33/36: prey=M2, predator=P1: prey=0.854237, predator=1.050442
  Finished case 34/36: prey=M2, predator=P2: prey=0.879799, predator=1.037728
  Finished case 35/36: prey=M2, predator=M2: prey=0.844802, predator=1.055554
  Finished case 36/36: prey=M2, predator=M1: prey=0.833026, predator=1.063209
  [77/121] w1=0.6, w2=1: prey=M2, predator=M2, equilibria=1
  Starting pair 78/121: w1=0.7, w2=0
  Solving 36 payoff case(s) with 4 worker(s).
  Finished case 1/36: prey=D, predator=D: prey=0.873969, predator=1.042266
  Finished case 2/36: prey=D, predator=P2: prey=0.892186, predator=1.037259
  Finished case 3/36: prey=D, predator=P1: prey=0.855675, predator=1.053628
  Finished case 4/36: prey=D, predator=N: prey=0.750763, predator=1.116675
  Finished case 5/36: prey=D, predator=M1: prey=0.872237, predator=1.044583
  Finished case 6/36: prey=N, predator=N: prey=0.910805, predator=1.014889
  Finished case 7/36: prey=D, predator=M2: prey=0.882730, predator=1.042013
  Finished case 8/36: prey=N, predator=D: prey=0.844499, predator=1.045735
  Finished case 9/36: prey=N, predator=P1: prey=0.880397, predator=1.028313
  Finished case 10/36: prey=N, predator=P2: prey=0.874006, predator=1.033669
  Finished case 11/36: prey=N, predator=M1: prey=0.853082, predator=1.045017
  Finished case 12/36: prey=N, predator=M2: prey=0.888082, predator=1.024252
  Finished case 13/36: prey=P1, predator=D: prey=0.911829, predator=1.019405
  Finished case 14/36: prey=P1, predator=P1: prey=0.952666, predator=1.000422
  Finished case 15/36: prey=P1, predator=N: prey=1.020339, predator=0.967688
  Finished case 16/36: prey=P1, predator=P2: prey=0.957742, predator=0.999593
  Finished case 17/36: prey=P1, predator=M2: prey=0.939066, predator=1.008671
  Finished case 18/36: prey=P1, predator=M1: prey=0.967141, predator=0.993890
  Finished case 19/36: prey=P2, predator=D: prey=0.880452, predator=1.032275
  Finished case 20/36: prey=P2, predator=N: prey=0.945535, predator=0.999118
  Finished case 21/36: prey=P2, predator=P2: prey=0.958558, predator=0.991018
  Finished case 22/36: prey=P2, predator=M1: prey=0.939049, predator=1.002665
  Finished case 23/36: prey=P2, predator=P1: prey=0.871537, predator=1.035543
  Finished case 24/36: prey=P2, predator=M2: prey=0.917803, predator=1.010452
  Finished case 25/36: prey=M1, predator=D: prey=0.906379, predator=1.019439
  Finished case 26/36: prey=M1, predator=N: prey=0.952080, predator=0.998700
  Finished case 27/36: prey=M1, predator=P1: prey=0.918359, predator=1.013105
  Finished case 28/36: prey=M1, predator=P2: prey=0.942079, predator=1.004013
  Finished case 29/36: prey=M1, predator=M1: prey=0.957689, predator=0.994518
  Finished case 30/36: prey=M2, predator=D: prey=0.885688, predator=1.032263
  Finished case 31/36: prey=M1, predator=M2: prey=0.892655, predator=1.027482
  Finished case 32/36: prey=M2, predator=N: prey=1.013927, predator=0.967821
  Finished case 33/36: prey=M2, predator=P1: prey=0.937746, predator=1.006291
  Finished case 34/36: prey=M2, predator=P2: prey=0.970286, predator=0.989058
  Finished case 35/36: prey=M2, predator=M2: prey=0.953036, predator=0.997202
  Finished case 36/36: prey=M2, predator=M1: prey=0.919246, predator=1.017994
  [78/121] w1=0.7, w2=0: prey=P1, predator=D, equilibria=1
  Starting pair 79/121: w1=0.7, w2=0.1
  Solving 36 payoff case(s) with 4 worker(s).
  Finished case 1/36: prey=D, predator=D: prey=0.874129, predator=1.042067
  Finished case 2/36: prey=D, predator=P2: prey=0.891036, predator=1.037731
  Finished case 3/36: prey=D, predator=P1: prey=0.853442, predator=1.055072
  Finished case 4/36: prey=D, predator=N: prey=0.743384, predator=1.120397
  Finished case 5/36: prey=D, predator=M1: prey=0.871788, predator=1.044947
  Finished case 6/36: prey=N, predator=N: prey=0.900049, predator=1.020939
  Finished case 7/36: prey=D, predator=M2: prey=0.881286, predator=1.042674
  Finished case 8/36: prey=N, predator=D: prey=0.849216, predator=1.042981
  Finished case 9/36: prey=N, predator=P1: prey=0.869051, predator=1.034686
  Finished case 10/36: prey=N, predator=P2: prey=0.873827, predator=1.034122
  Finished case 11/36: prey=N, predator=M1: prey=0.854288, predator=1.044745
  Finished case 12/36: prey=N, predator=M2: prey=0.877811, predator=1.030000
  Finished case 13/36: prey=P1, predator=P1: prey=0.940279, predator=1.007298
  Finished case 14/36: prey=P1, predator=D: prey=0.908214, predator=1.021241
  Finished case 15/36: prey=P1, predator=N: prey=0.996677, predator=0.980756
  Finished case 16/36: prey=P1, predator=P2: prey=0.945336, predator=1.006099
  Finished case 17/36: prey=P1, predator=M1: prey=0.955194, predator=1.000447
  Finished case 18/36: prey=P1, predator=M2: prey=0.927941, predator=1.014433
  Finished case 19/36: prey=P2, predator=D: prey=0.877341, predator=1.033885
  Finished case 20/36: prey=P2, predator=N: prey=0.937891, predator=1.003272
  Finished case 21/36: prey=P2, predator=P2: prey=0.948502, predator=0.996617
  Finished case 22/36: prey=P2, predator=M1: prey=0.929288, predator=1.008029
  Finished case 23/36: prey=P2, predator=P1: prey=0.851407, predator=1.046910
  Finished case 24/36: prey=P2, predator=M2: prey=0.910592, predator=1.014587
  Finished case 25/36: prey=M1, predator=D: prey=0.902793, predator=1.021275
  Finished case 26/36: prey=M1, predator=N: prey=0.944275, predator=1.002933
  Finished case 27/36: prey=M1, predator=P1: prey=0.910167, predator=1.017795
  Finished case 28/36: prey=M1, predator=M1: prey=0.946146, predator=1.000949
  Finished case 29/36: prey=M1, predator=P2: prey=0.932030, predator=1.009187
  Finished case 30/36: prey=M2, predator=D: prey=0.882578, predator=1.033863
  Finished case 31/36: prey=M1, predator=M2: prey=0.874590, predator=1.037511
  Finished case 32/36: prey=M2, predator=N: prey=0.990265, predator=0.980945
  Finished case 33/36: prey=M2, predator=P1: prey=0.926369, predator=1.012552
  Finished case 34/36: prey=M2, predator=P2: prey=0.959311, predator=0.995096
  Finished case 35/36: prey=M2, predator=M2: prey=0.942322, predator=1.003132
  Finished case 36/36: prey=M2, predator=M1: prey=0.903763, predator=1.026464
  [79/121] w1=0.7, w2=0.1: prey=P1, predator=D, equilibria=1
  Starting pair 80/121: w1=0.7, w2=0.2
  Solving 36 payoff case(s) with 4 worker(s).
  Finished case 1/36: prey=D, predator=D: prey=0.874496, predator=1.041784
  Finished case 2/36: prey=D, predator=P1: prey=0.857400, predator=1.052854
  Finished case 3/36: prey=D, predator=P2: prey=0.888417, predator=1.039082
  Finished case 4/36: prey=D, predator=N: prey=0.718211, predator=1.133687
  Finished case 5/36: prey=D, predator=M1: prey=0.872643, predator=1.044551
  Finished case 6/36: prey=D, predator=M2: prey=0.877922, predator=1.044484
  Finished case 7/36: prey=N, predator=N: prey=0.893096, predator=1.024598
  Finished case 8/36: prey=N, predator=D: prey=0.856153, predator=1.038914
  Finished case 9/36: prey=N, predator=P1: prey=0.854641, predator=1.042778
  Finished case 10/36: prey=N, predator=P2: prey=0.873334, predator=1.034602
  Finished case 11/36: prey=N, predator=M1: prey=0.855185, predator=1.044494
  Finished case 12/36: prey=N, predator=M2: prey=0.865884, predator=1.036657
  Finished case 13/36: prey=P1, predator=P1: prey=0.926454, predator=1.014878
  Finished case 14/36: prey=P1, predator=D: prey=0.904108, predator=1.023357
  Finished case 15/36: prey=P1, predator=N: prey=0.961827, predator=0.999774
  Finished case 16/36: prey=P1, predator=P2: prey=0.927065, predator=1.015864
  Finished case 17/36: prey=P1, predator=M2: prey=0.909596, predator=1.024244
  Finished case 18/36: prey=P1, predator=M1: prey=0.940336, predator=1.008586
  Finished case 19/36: prey=P2, predator=D: prey=0.874013, predator=1.035619
  Finished case 20/36: prey=P2, predator=N: prey=0.912715, predator=1.017296
  Finished case 21/36: prey=P2, predator=P2: prey=0.936233, predator=1.003409
  Finished case 22/36: prey=P2, predator=P1: prey=0.838130, predator=1.054286
  Finished case 23/36: prey=P2, predator=M1: prey=0.919881, predator=1.013085
  Finished case 24/36: prey=P2, predator=M2: prey=0.901905, predator=1.019515
  Finished case 25/36: prey=M1, predator=D: prey=0.898718, predator=1.023390
  Finished case 26/36: prey=M1, predator=N: prey=0.918442, predator=1.017275
  Finished case 27/36: prey=M1, predator=P1: prey=0.899705, predator=1.023735
  Finished case 28/36: prey=M1, predator=P2: prey=0.915250, predator=1.018153
  Finished case 29/36: prey=M1, predator=M1: prey=0.932226, predator=1.008655
  Finished case 30/36: prey=M2, predator=D: prey=0.879247, predator=1.035587
  Finished case 31/36: prey=M1, predator=M2: prey=0.840719, predator=1.056646
  Finished case 32/36: prey=M2, predator=N: prey=0.955901, predator=0.999812
  Finished case 33/36: prey=M2, predator=P1: prey=0.911121, predator=1.021003
  Finished case 34/36: prey=M2, predator=P2: prey=0.944873, predator=1.003056
  Finished case 35/36: prey=M2, predator=M2: prey=0.930336, predator=1.009687
  Finished case 36/36: prey=M2, predator=M1: prey=0.905860, predator=1.024640
  [80/121] w1=0.7, w2=0.2: prey=P1, predator=M2, equilibria=1
  Starting pair 81/121: w1=0.7, w2=0.3
  Solving 36 payoff case(s) with 4 worker(s).
  Finished case 1/36: prey=D, predator=D: prey=0.875061, predator=1.041416
  Finished case 2/36: prey=D, predator=P2: prey=0.883017, predator=1.042062
  Finished case 3/36: prey=D, predator=P1: prey=0.861844, predator=1.050330
  Finished case 4/36: prey=D, predator=N: prey=0.664819, predator=1.161831
  Finished case 5/36: prey=D, predator=M1: prey=0.872123, predator=1.044955
  Finished case 6/36: prey=N, predator=N: prey=0.884407, predator=1.029135
  Finished case 7/36: prey=D, predator=M2: prey=0.871219, predator=1.048252
  Finished case 8/36: prey=N, predator=D: prey=0.867119, predator=1.032452
  Finished case 9/36: prey=N, predator=P1: prey=0.845489, predator=1.047850
  Finished case 10/36: prey=N, predator=M1: prey=0.856320, predator=1.043944
  Finished case 11/36: prey=N, predator=P2: prey=0.873394, predator=1.034628
  Finished case 12/36: prey=N, predator=M2: prey=0.858289, predator=1.040840
  Finished case 13/36: prey=P1, predator=P1: prey=0.910763, predator=1.023393
  Finished case 14/36: prey=P1, predator=D: prey=0.899319, predator=1.025860
  Finished case 15/36: prey=P1, predator=N: prey=0.924592, predator=1.019829
  Finished case 16/36: prey=P1, predator=P2: prey=0.903380, predator=1.028454
  Finished case 17/36: prey=P1, predator=M1: prey=0.923361, predator=1.017854
  Finished case 18/36: prey=P1, predator=M2: prey=0.880885, predator=1.039772
  Finished case 19/36: prey=P2, predator=D: prey=0.870416, predator=1.037504
  Finished case 20/36: prey=P2, predator=N: prey=0.871447, predator=1.039724
  Finished case 21/36: prey=P2, predator=P2: prey=0.921486, predator=1.011532
  Finished case 22/36: prey=P2, predator=M1: prey=0.905929, predator=1.020615
  Finished case 23/36: prey=P2, predator=P1: prey=0.829607, predator=1.059133
  Finished case 24/36: prey=P2, predator=M2: prey=0.891828, predator=1.025141
  Finished case 25/36: prey=M1, predator=D: prey=0.893960, predator=1.025896
  Finished case 26/36: prey=M1, predator=N: prey=0.876792, predator=1.039759
  Finished case 27/36: prey=M1, predator=P1: prey=0.888187, predator=1.030160
  Finished case 28/36: prey=M1, predator=P2: prey=0.887466, predator=1.033263
  Finished case 29/36: prey=M1, predator=M1: prey=0.916767, predator=1.017122
  Finished case 30/36: prey=M2, predator=D: prey=0.875645, predator=1.037462
  Finished case 31/36: prey=M1, predator=M2: prey=0.793034, predator=1.083507
  Finished case 32/36: prey=M2, predator=N: prey=0.918874, predator=1.019867
  Finished case 33/36: prey=M2, predator=P1: prey=0.902615, predator=1.025309
  Finished case 34/36: prey=M2, predator=P2: prey=0.928532, predator=1.012041
  Finished case 35/36: prey=M2, predator=M2: prey=0.915284, predator=1.017900
  Finished case 36/36: prey=M2, predator=M1: prey=0.887128, predator=1.034602
  [81/121] w1=0.7, w2=0.3: prey=P1, predator=D, equilibria=1
  Starting pair 82/121: w1=0.7, w2=0.4
  Solving 36 payoff case(s) with 4 worker(s).
  Finished case 1/36: prey=D, predator=D: prey=0.875815, predator=1.040966
  Finished case 2/36: prey=D, predator=P1: prey=0.852550, predator=1.055710
  Finished case 3/36: prey=D, predator=P2: prey=0.873820, predator=1.047240
  Finished case 4/36: prey=D, predator=N: prey=0.610666, predator=1.190306
  Finished case 5/36: prey=D, predator=M1: prey=0.863275, predator=1.050045
  Finished case 6/36: prey=D, predator=M2: prey=0.860384, predator=1.054411
  Finished case 7/36: prey=N, predator=N: prey=0.876140, predator=1.033500
  Finished case 8/36: prey=N, predator=D: prey=0.882385, predator=1.023419
  Finished case 9/36: prey=N, predator=P1: prey=0.841419, predator=1.050021
  Finished case 10/36: prey=N, predator=P2: prey=0.874080, predator=1.034216
  Finished case 11/36: prey=N, predator=M1: prey=0.858044, predator=1.042952
  Finished case 12/36: prey=N, predator=M2: prey=0.854435, predator=1.042902
  Finished case 13/36: prey=P1, predator=D: prey=0.893533, predator=1.028928
  Finished case 14/36: prey=P1, predator=P1: prey=0.892550, predator=1.033264
  Finished case 15/36: prey=P1, predator=N: prey=0.894614, predator=1.035845
  Finished case 16/36: prey=P1, predator=P2: prey=0.874938, predator=1.043450
  Finished case 17/36: prey=P1, predator=M1: prey=0.908958, predator=1.025614
  Finished case 18/36: prey=P1, predator=M2: prey=0.843840, predator=1.059654
  Finished case 19/36: prey=P2, predator=D: prey=0.866518, predator=1.039556
  Finished case 20/36: prey=P2, predator=N: prey=0.819486, predator=1.068136
  Finished case 21/36: prey=P2, predator=P2: prey=0.905246, predator=1.020444
  Finished case 22/36: prey=P2, predator=P1: prey=0.836489, predator=1.055125
  Finished case 23/36: prey=P2, predator=M1: prey=0.898235, predator=1.024559
  Finished case 24/36: prey=P2, predator=M2: prey=0.878603, predator=1.032477
  Finished case 25/36: prey=M1, predator=D: prey=0.888204, predator=1.028972
  Finished case 26/36: prey=M1, predator=N: prey=0.824393, predator=1.068267
  Finished case 27/36: prey=M1, predator=P1: prey=0.874539, predator=1.037677
  Finished case 28/36: prey=M1, predator=P2: prey=0.850553, predator=1.053239
  Finished case 29/36: prey=M1, predator=M1: prey=0.900048, predator=1.026223
  Finished case 30/36: prey=M2, predator=D: prey=0.871739, predator=1.039506
  Finished case 31/36: prey=M1, predator=M2: prey=0.747843, predator=1.108224
  Finished case 32/36: prey=M2, predator=N: prey=0.889052, predator=1.035881
  Finished case 33/36: prey=M2, predator=P1: prey=0.894660, predator=1.029388
  Finished case 34/36: prey=M2, predator=P2: prey=0.915624, predator=1.019018
  Finished case 35/36: prey=M2, predator=M2: prey=0.897449, predator=1.027642
  Finished case 36/36: prey=M2, predator=M1: prey=0.854040, predator=1.052824
  [82/121] w1=0.7, w2=0.4: prey=M2, predator=M2, equilibria=1
  Starting pair 83/121: w1=0.7, w2=0.5
  Solving 36 payoff case(s) with 4 worker(s).
  Finished case 1/36: prey=D, predator=D: prey=0.876742, predator=1.040436
  Finished case 2/36: prey=D, predator=P2: prey=0.862831, predator=1.053442
  Finished case 3/36: prey=D, predator=P1: prey=0.830684, predator=1.068164
  Finished case 4/36: prey=D, predator=N: prey=0.589648, predator=1.201080
  Finished case 5/36: prey=D, predator=M1: prey=0.846581, predator=1.059457
  Finished case 6/36: prey=D, predator=M2: prey=0.848321, predator=1.061246
  Finished case 7/36: prey=N, predator=N: prey=0.870037, predator=1.036805
  Finished case 8/36: prey=N, predator=D: prey=0.895977, predator=1.015297
  Finished case 9/36: prey=N, predator=P1: prey=0.838717, predator=1.051395
  Finished case 10/36: prey=N, predator=P2: prey=0.874080, predator=1.034165
  Finished case 11/36: prey=N, predator=M1: prey=0.858758, predator=1.042493
  Finished case 12/36: prey=N, predator=M2: prey=0.851585, predator=1.044380
  Finished case 13/36: prey=P1, predator=D: prey=0.886383, predator=1.032769
  Finished case 14/36: prey=P1, predator=P1: prey=0.876561, predator=1.041856
  Finished case 15/36: prey=P1, predator=N: prey=0.876618, predator=1.045291
  Finished case 16/36: prey=P1, predator=P2: prey=0.843778, predator=1.059829
  Finished case 17/36: prey=P1, predator=M1: prey=0.898607, predator=1.031080
  Finished case 18/36: prey=P1, predator=M2: prey=0.805763, predator=1.079650
  Finished case 19/36: prey=P2, predator=D: prey=0.862285, predator=1.041793
  Finished case 20/36: prey=P2, predator=N: prey=0.784126, predator=1.087322
  Finished case 21/36: prey=P2, predator=P2: prey=0.891704, predator=1.027797
  Finished case 22/36: prey=P2, predator=M1: prey=0.893227, predator=1.026934
  Finished case 23/36: prey=P2, predator=P1: prey=0.841042, predator=1.052626
  Finished case 24/36: prey=P2, predator=M2: prey=0.863959, predator=1.040591
  Finished case 25/36: prey=M1, predator=D: prey=0.881082, predator=1.032829
  Finished case 26/36: prey=M1, predator=N: prey=0.789003, predator=1.087363
  Finished case 27/36: prey=M1, predator=P1: prey=0.859457, predator=1.045950
  Finished case 28/36: prey=M1, predator=P2: prey=0.812803, predator=1.073232
  Finished case 29/36: prey=M1, predator=M1: prey=0.885425, predator=1.034111
  Finished case 30/36: prey=M2, predator=D: prey=0.867494, predator=1.041736
  Finished case 31/36: prey=M1, predator=M2: prey=0.701711, predator=1.132744
  Finished case 32/36: prey=M2, predator=P1: prey=0.887024, predator=1.033273
  Finished case 33/36: prey=M2, predator=N: prey=0.871130, predator=1.045348
  Finished case 34/36: prey=M2, predator=P2: prey=0.906586, predator=1.023786
  Finished case 35/36: prey=M2, predator=M2: prey=0.882645, predator=1.035643
  Finished case 36/36: prey=M2, predator=M1: prey=0.837999, predator=1.061420
  [83/121] w1=0.7, w2=0.5: prey=M2, predator=M1, equilibria=1
  Starting pair 84/121: w1=0.7, w2=0.6
  Solving 36 payoff case(s) with 4 worker(s).
  Finished case 1/36: prey=D, predator=D: prey=0.877810, predator=1.039845
  Finished case 2/36: prey=D, predator=P1: prey=0.832056, predator=1.067224
  Finished case 3/36: prey=D, predator=P2: prey=0.853731, predator=1.058598
  Finished case 4/36: prey=D, predator=N: prey=0.600264, predator=1.195486
  Finished case 5/36: prey=D, predator=M1: prey=0.843766, predator=1.060965
  Finished case 6/36: prey=D, predator=M2: prey=0.838832, predator=1.066621
  Finished case 7/36: prey=N, predator=N: prey=0.866961, predator=1.038624
  Finished case 8/36: prey=N, predator=D: prey=0.897656, predator=1.014044
  Finished case 9/36: prey=N, predator=P1: prey=0.835392, predator=1.053107
  Finished case 10/36: prey=N, predator=P2: prey=0.873459, predator=1.034474
  Finished case 11/36: prey=N, predator=M1: prey=0.858356, predator=1.042671
  Finished case 12/36: prey=N, predator=M2: prey=0.848248, predator=1.046121
  Finished case 13/36: prey=P1, predator=D: prey=0.877668, predator=1.037493
  Finished case 14/36: prey=P1, predator=P1: prey=0.865117, predator=1.047914
  Finished case 15/36: prey=P1, predator=N: prey=0.868057, predator=1.049784
  Finished case 16/36: prey=P1, predator=P2: prey=0.813613, predator=1.075695
  Finished case 17/36: prey=P1, predator=M1: prey=0.890471, predator=1.035302
  Finished case 18/36: prey=P1, predator=M2: prey=0.766832, predator=1.100030
  Finished case 19/36: prey=P2, predator=D: prey=0.857729, predator=1.044203
  Finished case 20/36: prey=P2, predator=N: prey=0.775961, predator=1.091491
  Finished case 21/36: prey=P2, predator=P2: prey=0.881921, predator=1.033024
  Finished case 22/36: prey=P2, predator=P1: prey=0.845690, predator=1.050193
  Finished case 23/36: prey=P2, predator=M1: prey=0.881962, predator=1.032935
  Finished case 24/36: prey=P2, predator=M2: prey=0.852172, predator=1.047125
  Finished case 25/36: prey=M1, predator=D: prey=0.872398, predator=1.037575
  Finished case 26/36: prey=M1, predator=N: prey=0.780807, predator=1.091508
  Finished case 27/36: prey=M1, predator=P1: prey=0.846424, predator=1.053110
  Finished case 28/36: prey=M1, predator=P2: prey=0.774772, predator=1.093288
  Finished case 29/36: prey=M1, predator=M1: prey=0.874515, predator=1.039919
  Finished case 30/36: prey=M2, predator=D: prey=0.862917, predator=1.044144
  Finished case 31/36: prey=M1, predator=M2: prey=0.654503, predator=1.157604
  Finished case 32/36: prey=M2, predator=N: prey=0.862650, predator=1.049827
  Finished case 33/36: prey=M2, predator=P1: prey=0.877145, predator=1.038372
  Finished case 34/36: prey=M2, predator=P2: prey=0.899182, predator=1.027635
  Finished case 35/36: prey=M2, predator=M2: prey=0.872426, predator=1.041068
  Finished case 36/36: prey=M2, predator=M1: prey=0.832094, predator=1.064386
  [84/121] w1=0.7, w2=0.6: prey=N, predator=M1, equilibria=1
  Starting pair 85/121: w1=0.7, w2=0.7
  Solving 36 payoff case(s) with 4 worker(s).
  Finished case 1/36: prey=D, predator=D: prey=0.878950, predator=1.039226
  Finished case 2/36: prey=D, predator=P1: prey=0.841742, predator=1.061917
  Finished case 3/36: prey=D, predator=P2: prey=0.847327, predator=1.062319
  Finished case 4/36: prey=D, predator=N: prey=0.648739, predator=1.170195
  Finished case 5/36: prey=D, predator=M1: prey=0.851672, predator=1.056636
  Finished case 6/36: prey=N, predator=N: prey=0.868506, predator=1.038110
  Finished case 7/36: prey=D, predator=M2: prey=0.831856, predator=1.070685
  Finished case 8/36: prey=N, predator=D: prey=0.895121, predator=1.015202
  Finished case 9/36: prey=N, predator=P1: prey=0.831497, predator=1.055149
  Finished case 10/36: prey=N, predator=P2: prey=0.872924, predator=1.034758
  Finished case 11/36: prey=N, predator=M1: prey=0.857771, predator=1.042976
  Finished case 12/36: prey=N, predator=M2: prey=0.844480, predator=1.048113
  Finished case 13/36: prey=P1, predator=D: prey=0.867564, predator=1.042984
  Finished case 14/36: prey=P1, predator=P1: prey=0.856481, predator=1.052411
  Finished case 15/36: prey=P1, predator=N: prey=0.869232, predator=1.049287
  Finished case 16/36: prey=P1, predator=P2: prey=0.789371, predator=1.088299
  Finished case 17/36: prey=P1, predator=M2: prey=0.731611, predator=1.118510
  Finished case 18/36: prey=P1, predator=M1: prey=0.883588, predator=1.038842
  Finished case 19/36: prey=P2, predator=D: prey=0.853326, predator=1.046512
  Finished case 20/36: prey=P2, predator=N: prey=0.787513, predator=1.085342
  Finished case 21/36: prey=P2, predator=P2: prey=0.874095, predator=1.037158
  Finished case 22/36: prey=P2, predator=M1: prey=0.872265, predator=1.038198
  Finished case 23/36: prey=P2, predator=P1: prey=0.850338, predator=1.047929
  Finished case 24/36: prey=P2, predator=M2: prey=0.844114, predator=1.051626
  Finished case 25/36: prey=M1, predator=D: prey=0.862339, predator=1.043085
  Finished case 26/36: prey=M1, predator=P1: prey=0.837077, predator=1.058277
  Finished case 27/36: prey=M1, predator=N: prey=0.792383, predator=1.085372
  Finished case 28/36: prey=M1, predator=P2: prey=0.739997, predator=1.111705
  Finished case 29/36: prey=M1, predator=M1: prey=0.865962, predator=1.044417
  Finished case 30/36: prey=M2, predator=D: prey=0.858482, predator=1.046457
  Finished case 31/36: prey=M1, predator=M2: prey=0.619007, predator=1.176097
  Finished case 32/36: prey=M2, predator=N: prey=0.863850, predator=1.049314
  Finished case 33/36: prey=M2, predator=P1: prey=0.867605, predator=1.043499
  Finished case 34/36: prey=M2, predator=P2: prey=0.892513, predator=1.031100
  Finished case 35/36: prey=M2, predator=M2: prey=0.864582, predator=1.045165
  Finished case 36/36: prey=M2, predator=M1: prey=0.832345, predator=1.064018
  [85/121] w1=0.7, w2=0.7: prey=N, predator=M1, equilibria=1
  Starting pair 86/121: w1=0.7, w2=0.8
  Solving 36 payoff case(s) with 4 worker(s).
  Finished case 1/36: prey=D, predator=D: prey=0.880043, predator=1.038647
  Finished case 2/36: prey=D, predator=P1: prey=0.847994, predator=1.058804
  Finished case 3/36: prey=D, predator=P2: prey=0.842154, predator=1.065406
  Finished case 4/36: prey=D, predator=N: prey=0.739882, predator=1.122598
  Finished case 5/36: prey=D, predator=M1: prey=0.858051, predator=1.053390
  Finished case 6/36: prey=N, predator=N: prey=0.878277, predator=1.033274
  Finished case 7/36: prey=D, predator=M2: prey=0.826611, predator=1.073835
  Finished case 8/36: prey=N, predator=D: prey=0.891474, predator=1.016979
  Finished case 9/36: prey=N, predator=P1: prey=0.827483, predator=1.057287
  Finished case 10/36: prey=N, predator=M1: prey=0.857602, predator=1.043079
  Finished case 11/36: prey=N, predator=P2: prey=0.872872, predator=1.034800
  Finished case 12/36: prey=N, predator=M2: prey=0.840675, predator=1.050153
  Finished case 13/36: prey=P1, predator=D: prey=0.856701, predator=1.048862
  Finished case 14/36: prey=P1, predator=P1: prey=0.849450, predator=1.056036
  Finished case 15/36: prey=P1, predator=N: prey=0.882187, predator=1.042780
  Finished case 16/36: prey=P1, predator=P2: prey=0.770269, predator=1.098180
  Finished case 17/36: prey=P1, predator=M1: prey=0.877570, predator=1.041951
  Finished case 18/36: prey=P1, predator=M2: prey=0.708601, predator=1.130383
  Finished case 19/36: prey=P2, predator=D: prey=0.850600, predator=1.047841
  Finished case 20/36: prey=P2, predator=N: prey=0.824234, predator=1.066091
  Finished case 21/36: prey=P2, predator=P2: prey=0.867371, predator=1.040700
  Finished case 22/36: prey=P2, predator=M1: prey=0.868001, predator=1.040483
  Finished case 23/36: prey=P2, predator=P1: prey=0.851592, predator=1.047676
  Finished case 24/36: prey=P2, predator=M2: prey=0.838908, predator=1.054596
  Finished case 25/36: prey=M1, predator=D: prey=0.851540, predator=1.048973
  Finished case 26/36: prey=M1, predator=N: prey=0.829332, predator=1.066110
  Finished case 27/36: prey=M1, predator=P1: prey=0.831004, predator=1.061681
  Finished case 28/36: prey=M1, predator=P2: prey=0.717619, predator=1.123343
  Finished case 29/36: prey=M1, predator=M1: prey=0.858847, predator=1.048132
  Finished case 30/36: prey=M2, predator=D: prey=0.855709, predator=1.047806
  Finished case 31/36: prey=M1, predator=M2: prey=0.602943, predator=1.184291
  Finished case 32/36: prey=M2, predator=N: prey=0.876611, predator=1.042874
  Finished case 33/36: prey=M2, predator=P1: prey=0.863668, predator=1.045593
  Finished case 34/36: prey=M2, predator=P2: prey=0.886527, predator=1.034237
  Finished case 35/36: prey=M2, predator=M2: prey=0.857965, predator=1.048605
  Finished case 36/36: prey=M2, predator=M1: prey=0.836881, predator=1.061390
  [86/121] w1=0.7, w2=0.8: prey=M2, predator=M2, equilibria=1
  Starting pair 87/121: w1=0.7, w2=0.9
  Solving 36 payoff case(s) with 4 worker(s).
  Finished case 1/36: prey=D, predator=D: prey=0.880900, predator=1.038208
  Finished case 2/36: prey=D, predator=P2: prey=0.836676, predator=1.068731
  Finished case 3/36: prey=D, predator=P1: prey=0.854762, predator=1.055570
  Finished case 4/36: prey=D, predator=N: prey=0.827903, predator=1.077534
  Finished case 5/36: prey=D, predator=M1: prey=0.864549, predator=1.050268
  Finished case 6/36: prey=D, predator=M2: prey=0.820872, predator=1.077345
  Finished case 7/36: prey=N, predator=N: prey=0.902562, predator=1.020555
  Finished case 8/36: prey=N, predator=D: prey=0.887097, predator=1.019160
  Finished case 9/36: prey=N, predator=P1: prey=0.823600, predator=1.059403
  Finished case 10/36: prey=N, predator=P2: prey=0.873409, predator=1.034543
  Finished case 11/36: prey=N, predator=M1: prey=0.858043, predator=1.042873
  Finished case 12/36: prey=N, predator=M2: prey=0.837094, predator=1.052115
  Finished case 13/36: prey=P1, predator=P1: prey=0.843613, predator=1.059054
  Finished case 14/36: prey=P1, predator=D: prey=0.846048, predator=1.054555
  Finished case 15/36: prey=P1, predator=N: prey=0.896709, predator=1.036124
  Finished case 16/36: prey=P1, predator=P2: prey=0.756152, predator=1.105489
  Finished case 17/36: prey=P1, predator=M1: prey=0.872580, predator=1.044551
  Finished case 18/36: prey=P1, predator=M2: prey=0.699442, predator=1.134796
  Finished case 19/36: prey=P2, predator=D: prey=0.851371, predator=1.047125
  Finished case 20/36: prey=P2, predator=N: prey=0.865359, predator=1.045387
  Finished case 21/36: prey=P2, predator=P2: prey=0.861689, predator=1.043715
  Finished case 22/36: prey=P2, predator=M1: prey=0.868270, predator=1.040332
  Finished case 23/36: prey=P2, predator=P1: prey=0.862308, predator=1.042281
  Finished case 24/36: prey=P2, predator=M2: prey=0.835738, predator=1.056507
  Finished case 25/36: prey=M1, predator=D: prey=0.840959, predator=1.054666
  Finished case 26/36: prey=M1, predator=N: prey=0.871153, predator=1.045172
  Finished case 27/36: prey=M1, predator=P1: prey=0.827319, predator=1.063826
  Finished case 28/36: prey=M1, predator=P2: prey=0.709110, predator=1.127436
  Finished case 29/36: prey=M1, predator=M1: prey=0.852941, predator=1.051225
  Finished case 30/36: prey=M2, predator=D: prey=0.856332, predator=1.047183
  Finished case 31/36: prey=M1, predator=M2: prey=0.619649, predator=1.174632
  Finished case 32/36: prey=M2, predator=N: prey=0.891076, predator=1.036180
  Finished case 33/36: prey=M2, predator=P1: prey=0.864393, predator=1.045200
  Finished case 34/36: prey=M2, predator=P2: prey=0.881577, predator=1.036858
  Finished case 35/36: prey=M2, predator=M2: prey=0.852350, predator=1.051546
  Finished case 36/36: prey=M2, predator=M1: prey=0.844416, predator=1.057217
  [87/121] w1=0.7, w2=0.9: prey=M2, predator=M2, equilibria=1
  Starting pair 88/121: w1=0.7, w2=1
  Solving 36 payoff case(s) with 4 worker(s).
  Finished case 1/36: prey=D, predator=D: prey=0.881261, predator=1.038050
  Finished case 2/36: prey=D, predator=P1: prey=0.860874, predator=1.052868
  Finished case 3/36: prey=D, predator=P2: prey=0.833927, predator=1.070591
  Finished case 4/36: prey=D, predator=N: prey=0.987286, predator=0.991580
  Finished case 5/36: prey=D, predator=M1: prey=0.871373, predator=1.047106
  Finished case 6/36: prey=N, predator=N: prey=0.947311, predator=0.996424
  Finished case 7/36: prey=D, predator=M2: prey=0.818197, predator=1.079195
  Finished case 8/36: prey=N, predator=D: prey=0.881989, predator=1.021757
  Finished case 9/36: prey=N, predator=P1: prey=0.819892, predator=1.061493
  Finished case 10/36: prey=N, predator=P2: prey=0.874512, predator=1.034001
  Finished case 11/36: prey=N, predator=M1: prey=0.859093, predator=1.042359
  Finished case 12/36: prey=N, predator=M2: prey=0.833846, predator=1.053958
  Finished case 13/36: prey=P1, predator=P1: prey=0.838875, predator=1.061540
  Finished case 14/36: prey=P1, predator=D: prey=0.836733, predator=1.059418
  Finished case 15/36: prey=P1, predator=N: prey=0.978297, predator=0.991779
  Finished case 16/36: prey=P1, predator=P2: prey=0.747630, predator=1.109918
  Finished case 17/36: prey=P1, predator=M1: prey=0.868741, predator=1.046572
  Finished case 18/36: prey=P1, predator=M2: prey=0.673425, predator=1.148937
  Finished case 19/36: prey=P2, predator=D: prey=0.857378, predator=1.043359
  Finished case 20/36: prey=P2, predator=N: prey=0.969942, predator=0.988943
  Finished case 21/36: prey=P2, predator=P2: prey=0.857087, predator=1.046195
  Finished case 22/36: prey=P2, predator=M1: prey=0.872064, predator=1.038339
  Finished case 23/36: prey=P2, predator=P1: prey=0.876015, predator=1.035233
  Finished case 24/36: prey=P2, predator=M2: prey=0.833798, predator=1.057799
  Finished case 25/36: prey=M1, predator=D: prey=0.831704, predator=1.059527
  Finished case 26/36: prey=M1, predator=N: prey=0.975947, predator=0.988941
  Finished case 27/36: prey=M1, predator=P1: prey=0.825052, predator=1.065245
  Finished case 28/36: prey=M1, predator=P2: prey=0.683145, predator=1.141674
  Finished case 29/36: prey=M1, predator=M1: prey=0.848183, predator=1.053747
  Finished case 30/36: prey=M2, predator=D: prey=0.862114, predator=1.043579
  Finished case 31/36: prey=M1, predator=M2: prey=0.635484, predator=1.165960
  Finished case 32/36: prey=M2, predator=N: prey=0.972319, predator=0.991779
  Finished case 33/36: prey=M2, predator=P1: prey=0.868628, predator=1.042990
  Finished case 34/36: prey=M2, predator=P2: prey=0.877813, predator=1.038872
  Finished case 35/36: prey=M2, predator=M2: prey=0.847764, predator=1.053994
  Finished case 36/36: prey=M2, predator=M1: prey=0.853846, predator=1.052094
  [88/121] w1=0.7, w2=1: prey=M2, predator=M2, equilibria=1
  Starting pair 89/121: w1=0.8, w2=0
  Solving 36 payoff case(s) with 4 worker(s).
  Finished case 1/36: prey=D, predator=D: prey=0.871109, predator=1.043409
  Finished case 2/36: prey=D, predator=P1: prey=0.851526, predator=1.055341
  Finished case 3/36: prey=D, predator=P2: prey=0.887310, predator=1.039471
  Finished case 4/36: prey=D, predator=N: prey=0.737316, predator=1.123447
  Finished case 5/36: prey=D, predator=M1: prey=0.867993, predator=1.046377
  Finished case 6/36: prey=N, predator=N: prey=0.913687, predator=1.012471
  Finished case 7/36: prey=D, predator=M2: prey=0.878308, predator=1.043931
  Finished case 8/36: prey=N, predator=D: prey=0.832163, predator=1.051759
  Finished case 9/36: prey=N, predator=P1: prey=0.877333, predator=1.029342
  Finished case 10/36: prey=N, predator=P2: prey=0.876105, predator=1.031636
  Finished case 11/36: prey=N, predator=M1: prey=0.856732, predator=1.042029
  Finished case 12/36: prey=N, predator=M2: prey=0.885439, predator=1.025138
  Finished case 13/36: prey=P1, predator=D: prey=0.914165, predator=1.018147
  Finished case 14/36: prey=P1, predator=P1: prey=0.956664, predator=0.998610
  Finished case 15/36: prey=P1, predator=N: prey=1.022595, predator=0.966754
  Finished case 16/36: prey=P1, predator=P2: prey=0.961341, predator=0.997545
  Finished case 17/36: prey=P1, predator=M1: prey=0.965584, predator=0.995087
  Finished case 18/36: prey=P1, predator=M2: prey=0.946284, predator=1.004647
  Finished case 19/36: prey=P2, predator=D: prey=0.876228, predator=1.034550
  Finished case 20/36: prey=P2, predator=N: prey=0.951665, predator=0.995660
  Finished case 21/36: prey=P2, predator=P2: prey=0.963585, predator=0.988517
  Finished case 22/36: prey=P2, predator=M1: prey=0.939891, predator=1.002489
  Finished case 23/36: prey=P2, predator=P1: prey=0.860481, predator=1.041350
  Finished case 24/36: prey=P2, predator=M2: prey=0.920519, predator=1.008905
  Finished case 25/36: prey=M1, predator=D: prey=0.908766, predator=1.018152
  Finished case 26/36: prey=M1, predator=N: prey=0.958155, predator=0.995288
  Finished case 27/36: prey=M1, predator=P1: prey=0.921360, predator=1.011444
  Finished case 28/36: prey=M1, predator=P2: prey=0.949045, predator=1.000081
  Finished case 29/36: prey=M1, predator=M1: prey=0.962497, predator=0.992193
  Finished case 30/36: prey=M2, predator=D: prey=0.881457, predator=1.034527
  Finished case 31/36: prey=M1, predator=M2: prey=0.904463, predator=1.021042
  Finished case 32/36: prey=M2, predator=N: prey=1.016016, predator=0.966965
  Finished case 33/36: prey=M2, predator=P1: prey=0.938249, predator=1.006322
  Finished case 34/36: prey=M2, predator=P2: prey=0.968734, predator=0.990236
  Finished case 35/36: prey=M2, predator=M2: prey=0.957285, predator=0.995192
  Finished case 36/36: prey=M2, predator=M1: prey=0.929275, predator=1.012741
  [89/121] w1=0.8, w2=0: prey=P1, predator=D, equilibria=1
  Starting pair 90/121: w1=0.8, w2=0.1
  Solving 36 payoff case(s) with 4 worker(s).
  Finished case 1/36: prey=D, predator=D: prey=0.871426, predator=1.043124
  Finished case 2/36: prey=D, predator=P1: prey=0.849221, predator=1.056824
  Finished case 3/36: prey=D, predator=P2: prey=0.884736, predator=1.040748
  Finished case 4/36: prey=D, predator=N: prey=0.727752, predator=1.128496
  Finished case 5/36: prey=D, predator=M1: prey=0.867312, predator=1.046872
  Finished case 6/36: prey=D, predator=M2: prey=0.875237, predator=1.045519
  Finished case 7/36: prey=N, predator=N: prey=0.904368, predator=1.017700
  Finished case 8/36: prey=N, predator=D: prey=0.835128, predator=1.050001
  Finished case 9/36: prey=N, predator=P1: prey=0.877041, predator=1.029631
  Finished case 10/36: prey=N, predator=P2: prey=0.880754, predator=1.029357
  Finished case 11/36: prey=N, predator=M1: prey=0.862824, predator=1.038970
  Finished case 12/36: prey=N, predator=M2: prey=0.884830, predator=1.025584
  Finished case 13/36: prey=P1, predator=P1: prey=0.943513, predator=1.005850
  Finished case 14/36: prey=P1, predator=D: prey=0.908285, predator=1.021142
  Finished case 15/36: prey=P1, predator=N: prey=0.993706, predator=0.982684
  Finished case 16/36: prey=P1, predator=P2: prey=0.944747, predator=1.006329
  Finished case 17/36: prey=P1, predator=M1: prey=0.952472, predator=1.002233
  Finished case 18/36: prey=P1, predator=M2: prey=0.931820, predator=1.012220
  Finished case 19/36: prey=P2, predator=D: prey=0.872423, predator=1.036554
  Finished case 20/36: prey=P2, predator=N: prey=0.940696, predator=1.001727
  Finished case 21/36: prey=P2, predator=P2: prey=0.952445, predator=0.994683
  Finished case 22/36: prey=P2, predator=M1: prey=0.929708, predator=1.008038
  Finished case 23/36: prey=P2, predator=P1: prey=0.847278, predator=1.048816
  Finished case 24/36: prey=P2, predator=M2: prey=0.912358, predator=1.013539
  Finished case 25/36: prey=M1, predator=D: prey=0.902927, predator=1.021148
  Finished case 26/36: prey=M1, predator=N: prey=0.946905, predator=1.001495
  Finished case 27/36: prey=M1, predator=P1: prey=0.911959, predator=1.016780
  Finished case 28/36: prey=M1, predator=P2: prey=0.935765, predator=1.007014
  Finished case 29/36: prey=M1, predator=M1: prey=0.949698, predator=0.999285
  Finished case 30/36: prey=M2, predator=D: prey=0.877638, predator=1.036526
  Finished case 31/36: prey=M1, predator=M2: prey=0.891990, predator=1.027939
  Finished case 32/36: prey=M2, predator=N: prey=0.987435, predator=0.982801
  Finished case 33/36: prey=M2, predator=P1: prey=0.926093, predator=1.012973
  Finished case 34/36: prey=M2, predator=P2: prey=0.956147, predator=0.997130
  Finished case 35/36: prey=M2, predator=M2: prey=0.946040, predator=1.001358
  Finished case 36/36: prey=M2, predator=M1: prey=0.920375, predator=1.017337
  [90/121] w1=0.8, w2=0.1: prey=P1, predator=D, equilibria=1
  Starting pair 91/121: w1=0.8, w2=0.2
  Solving 36 payoff case(s) with 4 worker(s).
  Finished case 1/36: prey=D, predator=D: prey=0.871972, predator=1.042750
  Finished case 2/36: prey=D, predator=P1: prey=0.852672, predator=1.054900
  Finished case 3/36: prey=D, predator=P2: prey=0.880702, predator=1.042910
  Finished case 4/36: prey=D, predator=N: prey=0.702404, predator=1.141671
  Finished case 5/36: prey=D, predator=M1: prey=0.867362, predator=1.046942
  Finished case 6/36: prey=N, predator=N: prey=0.891131, predator=1.025051
  Finished case 7/36: prey=D, predator=M2: prey=0.870247, predator=1.048265
  Finished case 8/36: prey=N, predator=D: prey=0.838753, predator=1.047873
  Finished case 9/36: prey=N, predator=P1: prey=0.873461, predator=1.031701
  Finished case 10/36: prey=N, predator=P2: prey=0.882734, predator=1.028554
  Finished case 11/36: prey=N, predator=M1: prey=0.865980, predator=1.037545
  Finished case 12/36: prey=N, predator=M2: prey=0.881361, predator=1.027569
  Finished case 13/36: prey=P1, predator=D: prey=0.902041, predator=1.024357
  Finished case 14/36: prey=P1, predator=P1: prey=0.929082, predator=1.013693
  Finished case 15/36: prey=P1, predator=N: prey=0.955880, predator=1.003171
  Finished case 16/36: prey=P1, predator=P2: prey=0.918185, predator=1.020655
  Finished case 17/36: prey=P1, predator=M1: prey=0.936207, predator=1.011095
  Finished case 18/36: prey=P1, predator=M2: prey=0.907365, predator=1.025394
  Finished case 19/36: prey=P2, predator=D: prey=0.868521, predator=1.038610
  Finished case 20/36: prey=P2, predator=N: prey=0.909819, predator=1.018985
  Finished case 21/36: prey=P2, predator=P2: prey=0.939004, predator=1.002085
  Finished case 22/36: prey=P2, predator=M1: prey=0.919100, predator=1.013759
  Finished case 23/36: prey=P2, predator=P1: prey=0.837106, predator=1.054523
  Finished case 24/36: prey=P2, predator=M2: prey=0.903097, predator=1.018739
  Finished case 25/36: prey=M1, predator=D: prey=0.896722, predator=1.024364
  Finished case 26/36: prey=M1, predator=N: prey=0.915437, predator=1.019018
  Finished case 27/36: prey=M1, predator=P1: prey=0.900874, predator=1.023013
  Finished case 28/36: prey=M1, predator=P2: prey=0.912986, predator=1.019303
  Finished case 29/36: prey=M1, predator=M1: prey=0.935019, predator=1.007350
  Finished case 30/36: prey=M2, predator=D: prey=0.873720, predator=1.038579
  Finished case 31/36: prey=M1, predator=M2: prey=0.869236, predator=1.040690
  Finished case 32/36: prey=M2, predator=N: prey=0.949966, predator=1.003225
  Finished case 33/36: prey=M2, predator=P1: prey=0.910045, predator=1.021861
  Finished case 34/36: prey=M2, predator=P2: prey=0.940527, predator=1.005694
  Finished case 35/36: prey=M2, predator=M2: prey=0.932944, predator=1.008480
  Finished case 36/36: prey=M2, predator=M1: prey=0.918903, predator=1.017543
  [91/121] w1=0.8, w2=0.2: prey=P1, predator=M2, equilibria=1
  Starting pair 92/121: w1=0.8, w2=0.3
  Solving 36 payoff case(s) with 4 worker(s).
  Finished case 1/36: prey=D, predator=D: prey=0.872727, predator=1.042290
  Finished case 2/36: prey=D, predator=P1: prey=0.853973, predator=1.054185
  Finished case 3/36: prey=D, predator=P2: prey=0.874332, predator=1.046460
  Finished case 4/36: prey=D, predator=N: prey=0.647801, predator=1.170612
  Finished case 5/36: prey=D, predator=M1: prey=0.864371, predator=1.048748
  Finished case 6/36: prey=N, predator=N: prey=0.880183, predator=1.031061
  Finished case 7/36: prey=D, predator=M2: prey=0.862363, predator=1.052730
  Finished case 8/36: prey=N, predator=D: prey=0.843285, predator=1.045234
  Finished case 9/36: prey=N, predator=P1: prey=0.866455, predator=1.035634
  Finished case 10/36: prey=N, predator=P2: prey=0.882220, predator=1.029103
  Finished case 11/36: prey=N, predator=M1: prey=0.866324, predator=1.037654
  Finished case 12/36: prey=N, predator=M2: prey=0.874982, predator=1.031128
  Finished case 13/36: prey=P1, predator=P1: prey=0.911602, predator=1.023157
  Finished case 14/36: prey=P1, predator=D: prey=0.895178, predator=1.027936
  Finished case 15/36: prey=P1, predator=N: prey=0.918445, predator=1.023351
  Finished case 16/36: prey=P1, predator=P2: prey=0.884646, predator=1.038665
  Finished case 17/36: prey=P1, predator=M2: prey=0.871785, predator=1.044666
  Finished case 18/36: prey=P1, predator=M1: prey=0.920191, predator=1.019735
  Finished case 19/36: prey=P2, predator=D: prey=0.864548, predator=1.040700
  Finished case 20/36: prey=P2, predator=N: prey=0.869189, predator=1.040994
  Finished case 21/36: prey=P2, predator=P2: prey=0.922674, predator=1.011054
  Finished case 22/36: prey=P2, predator=M1: prey=0.908797, predator=1.019214
  Finished case 23/36: prey=P2, predator=P1: prey=0.825333, predator=1.061399
  Finished case 24/36: prey=P2, predator=M2: prey=0.891750, predator=1.025044
  Finished case 25/36: prey=M1, predator=D: prey=0.889898, predator=1.027950
  Finished case 26/36: prey=M1, predator=N: prey=0.874510, predator=1.041031
  Finished case 27/36: prey=M1, predator=P1: prey=0.888456, predator=1.029892
  Finished case 28/36: prey=M1, predator=M1: prey=0.918225, predator=1.016509
  Finished case 29/36: prey=M1, predator=P2: prey=0.878362, predator=1.038171
  Finished case 30/36: prey=M2, predator=D: prey=0.869731, predator=1.040665
  Finished case 31/36: prey=M1, predator=M2: prey=0.829371, predator=1.063102
  Finished case 32/36: prey=M2, predator=N: prey=0.912760, predator=1.023380
  Finished case 33/36: prey=M2, predator=P1: prey=0.904930, predator=1.024244
  Finished case 34/36: prey=M2, predator=P2: prey=0.925704, predator=1.013727
  Finished case 35/36: prey=M2, predator=M2: prey=0.915755, predator=1.017854
  Finished case 36/36: prey=M2, predator=M1: prey=0.902067, predator=1.026556
  [92/121] w1=0.8, w2=0.3: prey=P1, predator=D, equilibria=1
  Starting pair 93/121: w1=0.8, w2=0.4
  Solving 36 payoff case(s) with 4 worker(s).
  Finished case 1/36: prey=D, predator=D: prey=0.873681, predator=1.041745
  Finished case 2/36: prey=D, predator=P2: prey=0.865488, predator=1.051473
  Finished case 3/36: prey=D, predator=P1: prey=0.841061, predator=1.061596
  Finished case 4/36: prey=D, predator=N: prey=0.598922, predator=1.196308
  Finished case 5/36: prey=D, predator=M1: prey=0.852226, predator=1.055691
  Finished case 6/36: prey=D, predator=M2: prey=0.851764, predator=1.058795
  Finished case 7/36: prey=N, predator=N: prey=0.872385, predator=1.035348
  Finished case 8/36: prey=N, predator=D: prey=0.849185, predator=1.041808
  Finished case 9/36: prey=N, predator=P1: prey=0.857330, predator=1.040720
  Finished case 10/36: prey=N, predator=P2: prey=0.880383, predator=1.030305
  Finished case 11/36: prey=N, predator=M1: prey=0.865202, predator=1.038492
  Finished case 12/36: prey=N, predator=M2: prey=0.866889, predator=1.035620
  Finished case 13/36: prey=P1, predator=D: prey=0.887325, predator=1.032094
  Finished case 14/36: prey=P1, predator=P1: prey=0.892587, predator=1.033419
  Finished case 15/36: prey=P1, predator=N: prey=0.892036, predator=1.037353
  Finished case 16/36: prey=P1, predator=P2: prey=0.850231, predator=1.056839
  Finished case 17/36: prey=P1, predator=M1: prey=0.907358, predator=1.026533
  Finished case 18/36: prey=P1, predator=M2: prey=0.830854, predator=1.066538
  Finished case 19/36: prey=P2, predator=D: prey=0.860556, predator=1.042793
  Finished case 20/36: prey=P2, predator=N: prey=0.813642, predator=1.071515
  Finished case 21/36: prey=P2, predator=P2: prey=0.906062, predator=1.020120
  Finished case 22/36: prey=P2, predator=M1: prey=0.902304, predator=1.022492
  Finished case 23/36: prey=P2, predator=P1: prey=0.837104, predator=1.054622
  Finished case 24/36: prey=P2, predator=M2: prey=0.877134, predator=1.033141
  Finished case 25/36: prey=M1, predator=D: prey=0.882083, predator=1.032120
  Finished case 26/36: prey=M1, predator=P1: prey=0.873455, predator=1.038135
  Finished case 27/36: prey=M1, predator=N: prey=0.818462, predator=1.071684
  Finished case 28/36: prey=M1, predator=P2: prey=0.837953, predator=1.059927
  Finished case 29/36: prey=M1, predator=M1: prey=0.900887, predator=1.025899
  Finished case 30/36: prey=M2, predator=D: prey=0.865722, predator=1.042754
  Finished case 31/36: prey=M1, predator=M2: prey=0.778053, predator=1.091532
  Finished case 32/36: prey=M2, predator=N: prey=0.886450, predator=1.037412
  Finished case 33/36: prey=M2, predator=P1: prey=0.897928, predator=1.027800
  Finished case 34/36: prey=M2, predator=P2: prey=0.914199, predator=1.019835
  Finished case 35/36: prey=M2, predator=M2: prey=0.897496, predator=1.027777
  Finished case 36/36: prey=M2, predator=M1: prey=0.878473, predator=1.039483
  [93/121] w1=0.8, w2=0.4: prey=M2, predator=D, equilibria=1
  Starting pair 94/121: w1=0.8, w2=0.5
  Solving 36 payoff case(s) with 4 worker(s).
  Finished case 1/36: prey=D, predator=D: prey=0.874819, predator=1.041118
  Finished case 2/36: prey=D, predator=P2: prey=0.856877, predator=1.056376
  Finished case 3/36: prey=D, predator=P1: prey=0.821294, predator=1.072913
  Finished case 4/36: prey=D, predator=N: prey=0.580775, predator=1.205631
  Finished case 5/36: prey=D, predator=M1: prey=0.837910, predator=1.063804
  Finished case 6/36: prey=N, predator=N: prey=0.867765, predator=1.037972
  Finished case 7/36: prey=D, predator=M2: prey=0.842265, predator=1.064225
  Finished case 8/36: prey=N, predator=D: prey=0.857408, predator=1.037011
  Finished case 9/36: prey=N, predator=P1: prey=0.848926, predator=1.045398
  Finished case 10/36: prey=N, predator=P2: prey=0.878306, predator=1.031561
  Finished case 11/36: prey=N, predator=M1: prey=0.863739, predator=1.039423
  Finished case 12/36: prey=N, predator=M2: prey=0.859703, predator=1.039607
  Finished case 13/36: prey=P1, predator=P1: prey=0.877565, predator=1.041402
  Finished case 14/36: prey=P1, predator=D: prey=0.878281, predator=1.036943
  Finished case 15/36: prey=P1, predator=N: prey=0.877491, predator=1.044899
  Finished case 16/36: prey=P1, predator=P2: prey=0.816512, predator=1.074497
  Finished case 17/36: prey=P1, predator=M1: prey=0.896936, predator=1.031983
  Finished case 18/36: prey=P1, predator=M2: prey=0.792211, predator=1.086655
  Finished case 19/36: prey=P2, predator=D: prey=0.856679, predator=1.044811
  Finished case 20/36: prey=P2, predator=N: prey=0.780633, predator=1.089331
  Finished case 21/36: prey=P2, predator=P2: prey=0.893018, predator=1.027138
  Finished case 22/36: prey=P2, predator=M1: prey=0.896321, predator=1.025457
  Finished case 23/36: prey=P2, predator=P1: prey=0.842794, predator=1.051538
  Finished case 24/36: prey=P2, predator=M2: prey=0.862517, predator=1.041213
  Finished case 25/36: prey=M1, predator=D: prey=0.873082, predator=1.036984
  Finished case 26/36: prey=M1, predator=N: prey=0.785454, predator=1.089390
  Finished case 27/36: prey=M1, predator=P1: prey=0.858055, predator=1.046561
  Finished case 28/36: prey=M1, predator=P2: prey=0.799648, predator=1.080039
  Finished case 29/36: prey=M1, predator=M1: prey=0.886627, predator=1.033530
  Finished case 30/36: prey=M2, predator=D: prey=0.861829, predator=1.044769
  Finished case 31/36: prey=M1, predator=M2: prey=0.724397, predator=1.120382
  Finished case 32/36: prey=M2, predator=N: prey=0.871972, predator=1.044971
  Finished case 33/36: prey=M2, predator=P1: prey=0.890049, predator=1.031831
  Finished case 34/36: prey=M2, predator=P2: prey=0.904683, predator=1.024824
  Finished case 35/36: prey=M2, predator=M2: prey=0.883821, predator=1.035076
  Finished case 36/36: prey=M2, predator=M1: prey=0.865209, predator=1.046589
  [94/121] w1=0.8, w2=0.5: prey=M2, predator=N, equilibria=1
  Starting pair 95/121: w1=0.8, w2=0.6
  Solving 36 payoff case(s) with 4 worker(s).
  Finished case 1/36: prey=D, predator=D: prey=0.876115, predator=1.040421
  Finished case 2/36: prey=D, predator=P2: prey=0.850031, predator=1.060326
  Finished case 3/36: prey=D, predator=P1: prey=0.827259, predator=1.069464
  Finished case 4/36: prey=D, predator=N: prey=0.592636, predator=1.199428
  Finished case 5/36: prey=D, predator=M1: prey=0.838755, predator=1.063346
  Finished case 6/36: prey=N, predator=N: prey=0.867076, predator=1.038555
  Finished case 7/36: prey=D, predator=M2: prey=0.835035, predator=1.068402
  Finished case 8/36: prey=N, predator=D: prey=0.869396, predator=1.029953
  Finished case 9/36: prey=N, predator=P1: prey=0.842658, predator=1.048890
  Finished case 10/36: prey=N, predator=P2: prey=0.876384, predator=1.032693
  Finished case 11/36: prey=N, predator=M1: prey=0.862200, predator=1.040350
  Finished case 12/36: prey=N, predator=M2: prey=0.854378, predator=1.042568
  Finished case 13/36: prey=P1, predator=D: prey=0.868342, predator=1.042301
  Finished case 14/36: prey=P1, predator=P1: prey=0.866411, predator=1.047241
  Finished case 15/36: prey=P1, predator=N: prey=0.870796, predator=1.048385
  Finished case 16/36: prey=P1, predator=P2: prey=0.786788, predator=1.089956
  Finished case 17/36: prey=P1, predator=M1: prey=0.888052, predator=1.036590
  Finished case 18/36: prey=P1, predator=M2: prey=0.750869, predator=1.108299
  Finished case 19/36: prey=P2, predator=D: prey=0.853341, predator=1.046518
  Finished case 20/36: prey=P2, predator=N: prey=0.773785, predator=1.092761
  Finished case 21/36: prey=P2, predator=P2: prey=0.883089, predator=1.032403
  Finished case 22/36: prey=P2, predator=M1: prey=0.885447, predator=1.031290
  Finished case 23/36: prey=P2, predator=P1: prey=0.846425, predator=1.049743
  Finished case 24/36: prey=P2, predator=M2: prey=0.851311, predator=1.047412
  Finished case 25/36: prey=M1, predator=D: prey=0.863197, predator=1.042354
  Finished case 26/36: prey=M1, predator=N: prey=0.778562, predator=1.092807
  Finished case 27/36: prey=M1, predator=P1: prey=0.845484, predator=1.053452
  Finished case 28/36: prey=M1, predator=P2: prey=0.758527, predator=1.101778
  Finished case 29/36: prey=M1, predator=M1: prey=0.875682, predator=1.039313
  Finished case 30/36: prey=M2, predator=D: prey=0.858472, predator=1.046477
  Finished case 31/36: prey=M1, predator=M2: prey=0.666604, predator=1.151016
  Finished case 32/36: prey=M2, predator=N: prey=0.865374, predator=1.048429
  Finished case 33/36: prey=M2, predator=P1: prey=0.880309, predator=1.036914
  Finished case 34/36: prey=M2, predator=P2: prey=0.896285, predator=1.029207
  Finished case 35/36: prey=M2, predator=M2: prey=0.873744, predator=1.040366
  Finished case 36/36: prey=M2, predator=M1: prey=0.859184, predator=1.049678
  [95/121] w1=0.8, w2=0.6: prey=M2, predator=N, equilibria=1
  Starting pair 96/121: w1=0.8, w2=0.7
  Solving 36 payoff case(s) with 4 worker(s).
  Finished case 1/36: prey=D, predator=D: prey=0.877511, predator=1.039684
  Finished case 2/36: prey=D, predator=P2: prey=0.845183, predator=1.063221
  Finished case 3/36: prey=D, predator=P1: prey=0.837446, predator=1.063982
  Finished case 4/36: prey=D, predator=N: prey=0.641943, predator=1.173735
  Finished case 5/36: prey=D, predator=M1: prey=0.847398, predator=1.058699
  Finished case 6/36: prey=N, predator=N: prey=0.871778, predator=1.036295
  Finished case 7/36: prey=D, predator=M2: prey=0.829688, predator=1.071604
  Finished case 8/36: prey=N, predator=D: prey=0.884678, predator=1.020895
  Finished case 9/36: prey=N, predator=P1: prey=0.837721, predator=1.051660
  Finished case 10/36: prey=N, predator=P2: prey=0.874805, predator=1.033629
  Finished case 11/36: prey=N, predator=M1: prey=0.860751, predator=1.041219
  Finished case 12/36: prey=N, predator=M2: prey=0.850146, predator=1.044944
  Finished case 13/36: prey=P1, predator=D: prey=0.858184, predator=1.047759
  Finished case 14/36: prey=P1, predator=P1: prey=0.857504, predator=1.051850
  Finished case 15/36: prey=P1, predator=N: prey=0.873911, predator=1.046837
  Finished case 16/36: prey=P1, predator=P2: prey=0.762920, predator=1.102285
  Finished case 17/36: prey=P1, predator=M1: prey=0.880457, predator=1.040519
  Finished case 18/36: prey=P1, predator=M2: prey=0.713841, predator=1.127732
  Finished case 19/36: prey=P2, predator=D: prey=0.851953, predator=1.047116
  Finished case 20/36: prey=P2, predator=N: prey=0.787219, predator=1.085580
  Finished case 21/36: prey=P2, predator=P2: prey=0.874845, predator=1.036741
  Finished case 22/36: prey=P2, predator=M1: prey=0.878207, predator=1.035195
  Finished case 23/36: prey=P2, predator=P1: prey=0.848459, predator=1.049021
  Finished case 24/36: prey=P2, predator=M2: prey=0.843753, predator=1.051639
  Finished case 25/36: prey=M1, predator=D: prey=0.853109, predator=1.047814
  Finished case 26/36: prey=M1, predator=N: prey=0.792035, predator=1.085637
  Finished case 27/36: prey=M1, predator=P1: prey=0.836724, predator=1.058298
  Finished case 28/36: prey=M1, predator=P2: prey=0.721970, predator=1.121147
  Finished case 29/36: prey=M1, predator=M1: prey=0.866821, predator=1.043949
  Finished case 30/36: prey=M2, predator=D: prey=0.857042, predator=1.047094
  Finished case 31/36: prey=M1, predator=M2: prey=0.621000, predator=1.174775
  Finished case 32/36: prey=M2, predator=N: prey=0.868497, predator=1.046868
  Finished case 33/36: prey=M2, predator=P1: prey=0.872955, predator=1.040849
  Finished case 34/36: prey=M2, predator=P2: prey=0.888939, predator=1.033044
  Finished case 35/36: prey=M2, predator=M2: prey=0.865493, predator=1.044656
  Finished case 36/36: prey=M2, predator=M1: prey=0.857941, predator=1.050179
  [96/121] w1=0.8, w2=0.7: prey=M2, predator=M1, equilibria=1
  Starting pair 97/121: w1=0.8, w2=0.8
  Solving 36 payoff case(s) with 4 worker(s).
  Finished case 1/36: prey=D, predator=D: prey=0.878910, predator=1.038960
  Finished case 2/36: prey=D, predator=P1: prey=0.844723, predator=1.060376
  Finished case 3/36: prey=D, predator=P2: prey=0.840581, predator=1.066015
  Finished case 4/36: prey=D, predator=N: prey=0.733764, predator=1.125838
  Finished case 5/36: prey=D, predator=M1: prey=0.854769, predator=1.054975
  Finished case 6/36: prey=D, predator=M2: prey=0.825092, predator=1.074417
  Finished case 7/36: prey=N, predator=N: prey=0.883689, predator=1.030150
  Finished case 8/36: prey=N, predator=D: prey=0.887856, predator=1.018805
  Finished case 9/36: prey=N, predator=P1: prey=0.833681, predator=1.053958
  Finished case 10/36: prey=N, predator=P2: prey=0.873705, predator=1.034306
  Finished case 11/36: prey=N, predator=M1: prey=0.859625, predator=1.041916
  Finished case 12/36: prey=N, predator=M2: prey=0.846697, predator=1.046913
  Finished case 13/36: prey=P1, predator=D: prey=0.848337, predator=1.052990
  Finished case 14/36: prey=P1, predator=P1: prey=0.850306, predator=1.055551
  Finished case 15/36: prey=P1, predator=N: prey=0.887108, predator=1.040183
  Finished case 16/36: prey=P1, predator=P2: prey=0.745387, predator=1.111272
  Finished case 17/36: prey=P1, predator=M1: prey=0.874189, predator=1.043766
  Finished case 18/36: prey=P1, predator=M2: prey=0.690971, predator=1.139456
  Finished case 19/36: prey=P2, predator=D: prey=0.856935, predator=1.044047
  Finished case 20/36: prey=P2, predator=N: prey=0.826292, predator=1.065038
  Finished case 21/36: prey=P2, predator=P2: prey=0.867976, predator=1.040353
  Finished case 22/36: prey=P2, predator=M1: prey=0.876134, predator=1.036282
  Finished case 23/36: prey=P2, predator=P1: prey=0.852696, predator=1.047215
  Finished case 24/36: prey=P2, predator=M2: prey=0.839362, predator=1.054181
  Finished case 25/36: prey=M1, predator=D: prey=0.843340, predator=1.053040
  Finished case 26/36: prey=M1, predator=N: prey=0.831373, predator=1.065073
  Finished case 27/36: prey=M1, predator=P1: prey=0.831558, predator=1.061224
  Finished case 28/36: prey=M1, predator=M1: prey=0.859597, predator=1.047712
  Finished case 29/36: prey=M1, predator=P2: prey=0.699763, predator=1.132617
  Finished case 30/36: prey=M2, predator=D: prey=0.861944, predator=1.044097
  Finished case 31/36: prey=M1, predator=M2: prey=0.597400, predator=1.186811
  Finished case 32/36: prey=M2, predator=N: prey=0.881486, predator=1.040285
  Finished case 33/36: prey=M2, predator=P1: prey=0.870967, predator=1.041890
  Finished case 34/36: prey=M2, predator=P2: prey=0.882840, predator=1.036240
  Finished case 35/36: prey=M2, predator=M2: prey=0.858664, predator=1.048199
  Finished case 36/36: prey=M2, predator=M1: prey=0.859960, predator=1.048961
  [97/121] w1=0.8, w2=0.8: prey=M2, predator=M1, equilibria=1
  Starting pair 98/121: w1=0.8, w2=0.9
  Solving 36 payoff case(s) with 4 worker(s).
  Finished case 1/36: prey=D, predator=D: prey=0.880150, predator=1.038334
  Finished case 2/36: prey=D, predator=P1: prey=0.852333, predator=1.056740
  Finished case 3/36: prey=D, predator=P2: prey=0.835256, predator=1.069269
  Finished case 4/36: prey=D, predator=N: prey=0.824549, predator=1.079355
  Finished case 5/36: prey=D, predator=M1: prey=0.862137, predator=1.051428
  Finished case 6/36: prey=D, predator=M2: prey=0.819533, predator=1.077839
  Finished case 7/36: prey=N, predator=N: prey=0.904024, predator=1.019377
  Finished case 8/36: prey=N, predator=D: prey=0.882202, predator=1.021806
  Finished case 9/36: prey=N, predator=P1: prey=0.830551, predator=1.055788
  Finished case 10/36: prey=N, predator=P2: prey=0.873149, predator=1.034693
  Finished case 11/36: prey=N, predator=M1: prey=0.858972, predator=1.042363
  Finished case 12/36: prey=N, predator=M2: prey=0.844103, predator=1.048443
  Finished case 13/36: prey=P1, predator=D: prey=0.838950, predator=1.057896
  Finished case 14/36: prey=P1, predator=P1: prey=0.844666, predator=1.058462
  Finished case 15/36: prey=P1, predator=N: prey=0.903595, predator=1.032241
  Finished case 16/36: prey=P1, predator=P2: prey=0.733857, predator=1.117124
  Finished case 17/36: prey=P1, predator=M1: prey=0.869276, predator=1.046323
  Finished case 18/36: prey=P1, predator=M2: prey=0.681990, predator=1.143724
  Finished case 19/36: prey=P2, predator=D: prey=0.868614, predator=1.037146
  Finished case 20/36: prey=P2, predator=N: prey=0.872110, predator=1.041635
  Finished case 21/36: prey=P2, predator=P2: prey=0.862538, predator=1.043233
  Finished case 22/36: prey=P2, predator=P1: prey=0.866982, predator=1.039992
  Finished case 23/36: prey=P2, predator=M1: prey=0.877885, predator=1.035335
  Finished case 24/36: prey=P2, predator=M2: prey=0.837470, predator=1.055434
  Finished case 25/36: prey=M1, predator=D: prey=0.834021, predator=1.057940
  Finished case 26/36: prey=M1, predator=N: prey=0.877892, predator=1.041446
  Finished case 27/36: prey=M1, predator=P1: prey=0.829188, predator=1.062692
  Finished case 28/36: prey=M1, predator=P2: prey=0.691585, predator=1.136473
  Finished case 29/36: prey=M1, predator=M1: prey=0.853936, predator=1.050672
  Finished case 30/36: prey=M2, predator=D: prey=0.873728, predator=1.037193
  Finished case 31/36: prey=M1, predator=M2: prey=0.607050, predator=1.180904
  Finished case 32/36: prey=M2, predator=N: prey=0.897943, predator=1.032287
  Finished case 33/36: prey=M2, predator=P1: prey=0.872980, predator=1.040815
  Finished case 34/36: prey=M2, predator=P2: prey=0.878071, predator=1.038754
  Finished case 35/36: prey=M2, predator=M2: prey=0.853249, predator=1.051031
  Finished case 36/36: prey=M2, predator=M1: prey=0.864166, predator=1.046622
  [98/121] w1=0.8, w2=0.9: prey=M2, predator=M2, equilibria=1
  Starting pair 99/121: w1=0.8, w2=1
  Solving 36 payoff case(s) with 4 worker(s).
  Finished case 1/36: prey=D, predator=D: prey=0.881007, predator=1.037928
  Finished case 2/36: prey=D, predator=P2: prey=0.832426, predator=1.071185
  Finished case 3/36: prey=D, predator=P1: prey=0.859063, predator=1.053739
  Finished case 4/36: prey=D, predator=N: prey=0.986886, predator=0.991811
  Finished case 5/36: prey=D, predator=M1: prey=0.869634, predator=1.047928
  Finished case 6/36: prey=N, predator=N: prey=0.932038, predator=1.004308
  Finished case 7/36: prey=D, predator=M2: prey=0.816752, predator=1.079760
  Finished case 8/36: prey=N, predator=D: prey=0.869458, predator=1.028897
  Finished case 9/36: prey=N, predator=P1: prey=0.828543, predator=1.057041
  Finished case 10/36: prey=N, predator=M1: prey=0.858866, predator=1.042521
  Finished case 11/36: prey=N, predator=P2: prey=0.873165, predator=1.034776
  Finished case 12/36: prey=N, predator=M2: prey=0.842597, predator=1.049413
  Finished case 13/36: prey=P1, predator=D: prey=0.830229, predator=1.062363
  Finished case 14/36: prey=P1, predator=P1: prey=0.840443, predator=1.060676
  Finished case 15/36: prey=P1, predator=N: prey=0.973873, predator=0.993978
  Finished case 16/36: prey=P1, predator=P2: prey=0.726338, predator=1.120975
  Finished case 17/36: prey=P1, predator=M1: prey=0.865597, predator=1.048255
  Finished case 18/36: prey=P1, predator=M2: prey=0.663574, predator=1.153614
  Finished case 19/36: prey=P2, predator=D: prey=0.879803, predator=1.030607
  Finished case 20/36: prey=P2, predator=N: prey=0.968844, predator=0.989477
  Finished case 21/36: prey=P2, predator=P2: prey=0.858480, predator=1.045419
  Finished case 22/36: prey=P2, predator=M1: prey=0.882426, predator=1.032943
  Finished case 23/36: prey=P2, predator=P1: prey=0.884308, predator=1.031059
  Finished case 24/36: prey=P2, predator=M2: prey=0.837011, predator=1.055965
  Finished case 25/36: prey=M1, predator=D: prey=0.825350, predator=1.062407
  Finished case 26/36: prey=M1, predator=N: prey=0.974845, predator=0.989473
  Finished case 27/36: prey=M1, predator=P1: prey=0.828403, predator=1.063357
  Finished case 28/36: prey=M1, predator=P2: prey=0.673563, predator=1.146230
  Finished case 29/36: prey=M1, predator=M1: prey=0.849708, predator=1.052913
  Finished case 30/36: prey=M2, predator=D: prey=0.885079, predator=1.030613
  Finished case 31/36: prey=M1, predator=M2: prey=0.631045, predator=1.167551
  Finished case 32/36: prey=M2, predator=N: prey=0.967917, predator=0.993981
  Finished case 33/36: prey=M2, predator=P1: prey=0.877828, predator=1.038285
  Finished case 34/36: prey=M2, predator=P2: prey=0.874524, predator=1.040644
  Finished case 35/36: prey=M2, predator=M2: prey=0.849194, predator=1.053192
  Finished case 36/36: prey=M2, predator=M1: prey=0.869747, predator=1.043599
  [99/121] w1=0.8, w2=1: prey=M2, predator=M2, equilibria=1
  Starting pair 100/121: w1=0.9, w2=0
  Solving 36 payoff case(s) with 4 worker(s).
  Finished case 1/36: prey=D, predator=D: prey=0.867617, predator=1.044869
  Finished case 2/36: prey=D, predator=P2: prey=0.877031, predator=1.044708
  Finished case 3/36: prey=D, predator=P1: prey=0.844961, predator=1.058332
  Finished case 4/36: prey=D, predator=N: prey=0.722555, predator=1.131030
  Finished case 5/36: prey=D, predator=M1: prey=0.861077, predator=1.049609
  Finished case 6/36: prey=N, predator=N: prey=0.905104, predator=1.016211
  Finished case 7/36: prey=D, predator=M2: prey=0.867898, predator=1.049211
  Finished case 8/36: prey=N, predator=D: prey=0.833950, predator=1.050560
  Finished case 9/36: prey=N, predator=P1: prey=0.871299, predator=1.031795
  Finished case 10/36: prey=N, predator=P2: prey=0.883904, predator=1.026792
  Finished case 11/36: prey=N, predator=M1: prey=0.871734, predator=1.033081
  Finished case 12/36: prey=N, predator=M2: prey=0.878259, predator=1.028334
  Finished case 13/36: prey=P1, predator=D: prey=0.911889, predator=1.019291
  Finished case 14/36: prey=P1, predator=P1: prey=0.956553, predator=0.999026
  Finished case 15/36: prey=P1, predator=N: prey=1.015703, predator=0.970853
  Finished case 16/36: prey=P1, predator=P2: prey=0.960864, predator=0.997755
  Finished case 17/36: prey=P1, predator=M1: prey=0.956117, predator=1.000529
  Finished case 18/36: prey=P1, predator=M2: prey=0.952330, predator=1.001300
  Finished case 19/36: prey=P2, predator=D: prey=0.871753, predator=1.036944
  Finished case 20/36: prey=P2, predator=N: prey=0.956829, predator=0.992763
  Finished case 21/36: prey=P2, predator=P2: prey=0.965194, predator=0.987872
  Finished case 22/36: prey=P2, predator=M1: prey=0.939259, predator=1.003039
  Finished case 23/36: prey=P2, predator=P1: prey=0.851933, predator=1.045706
  Finished case 24/36: prey=P2, predator=M2: prey=0.918917, predator=1.009636
  Finished case 25/36: prey=M1, predator=D: prey=0.906535, predator=1.019287
  Finished case 26/36: prey=M1, predator=N: prey=0.963188, predator=0.992477
  Finished case 27/36: prey=M1, predator=P1: prey=0.919800, predator=1.012183
  Finished case 28/36: prey=M1, predator=P2: prey=0.954994, predator=0.996741
  Finished case 29/36: prey=M1, predator=M1: prey=0.963587, predator=0.991886
  Finished case 30/36: prey=M2, predator=D: prey=0.876951, predator=1.036926
  Finished case 31/36: prey=M1, predator=M2: prey=0.926116, predator=1.009391
  Finished case 32/36: prey=M2, predator=N: prey=1.008773, predator=0.971273
  Finished case 33/36: prey=M2, predator=P1: prey=0.937368, predator=1.007023
  Finished case 34/36: prey=M2, predator=P2: prey=0.958593, predator=0.996092
  Finished case 35/36: prey=M2, predator=M2: prey=0.957847, predator=0.995177
  Finished case 36/36: prey=M2, predator=M1: prey=0.935709, predator=1.009230
  [100/121] w1=0.9, w2=0: prey=P1, predator=D, equilibria=1
  Starting pair 101/121: w1=0.9, w2=0.1
  Solving 36 payoff case(s) with 4 worker(s).
  Finished case 1/36: prey=D, predator=D: prey=0.868124, predator=1.044477
  Finished case 2/36: prey=D, predator=P1: prey=0.843268, predator=1.059501
  Finished case 3/36: prey=D, predator=P2: prey=0.873578, predator=1.046474
  Finished case 4/36: prey=D, predator=N: prey=0.712252, predator=1.136516
  Finished case 5/36: prey=D, predator=M1: prey=0.860716, predator=1.049954
  Finished case 6/36: prey=D, predator=M2: prey=0.863817, predator=1.051369
  Finished case 7/36: prey=N, predator=N: prey=0.900601, predator=1.018934
  Finished case 8/36: prey=N, predator=D: prey=0.834628, predator=1.050077
  Finished case 9/36: prey=N, predator=P1: prey=0.871570, predator=1.031864
  Finished case 10/36: prey=N, predator=M1: prey=0.875589, predator=1.031253
  Finished case 11/36: prey=N, predator=P2: prey=0.887452, predator=1.025103
  Finished case 12/36: prey=N, predator=M2: prey=0.878733, predator=1.028256
  Finished case 13/36: prey=P1, predator=D: prey=0.903617, predator=1.023488
  Finished case 14/36: prey=P1, predator=P1: prey=0.943952, predator=1.005836
  Finished case 15/36: prey=P1, predator=N: prey=0.984117, predator=0.988111
  Finished case 16/36: prey=P1, predator=P2: prey=0.938415, predator=1.009734
  Finished case 17/36: prey=P1, predator=M1: prey=0.943627, predator=1.007266
  Finished case 18/36: prey=P1, predator=M2: prey=0.933130, predator=1.011471
  Finished case 19/36: prey=P2, predator=D: prey=0.868128, predator=1.038846
  Finished case 20/36: prey=P2, predator=N: prey=0.941958, predator=1.001073
  Finished case 21/36: prey=P2, predator=P2: prey=0.953357, predator=0.994353
  Finished case 22/36: prey=P2, predator=P1: prey=0.842246, predator=1.051245
  Finished case 23/36: prey=P2, predator=M1: prey=0.927685, predator=1.009358
  Finished case 24/36: prey=P2, predator=M2: prey=0.910411, predator=1.014414
  Finished case 25/36: prey=M1, predator=D: prey=0.898313, predator=1.023486
  Finished case 26/36: prey=M1, predator=N: prey=0.947988, predator=1.000948
  Finished case 27/36: prey=M1, predator=P1: prey=0.909780, predator=1.017816
  Finished case 28/36: prey=M1, predator=P2: prey=0.937144, predator=1.006193
  Finished case 29/36: prey=M1, predator=M1: prey=0.950439, predator=0.999081
  Finished case 30/36: prey=M2, predator=D: prey=0.873309, predator=1.038827
  Finished case 31/36: prey=M1, predator=M2: prey=0.916922, predator=1.014485
  Finished case 32/36: prey=M2, predator=N: prey=0.977856, predator=0.988259
  Finished case 33/36: prey=M2, predator=P1: prey=0.923693, predator=1.014512
  Finished case 34/36: prey=M2, predator=P2: prey=0.947006, predator=1.002359
  Finished case 35/36: prey=M2, predator=M2: prey=0.946788, predator=1.001136
  Finished case 36/36: prey=M2, predator=M1: prey=0.927541, predator=1.013402
  [101/121] w1=0.9, w2=0.1: prey=P1, predator=D, equilibria=1
  Starting pair 102/121: w1=0.9, w2=0.2
  Solving 36 payoff case(s) with 4 worker(s).
  Finished case 1/36: prey=D, predator=D: prey=0.868872, predator=1.043997
  Finished case 2/36: prey=D, predator=P2: prey=0.869169, predator=1.048856
  Finished case 3/36: prey=D, predator=P1: prey=0.846339, predator=1.057815
  Finished case 4/36: prey=D, predator=N: prey=0.687415, predator=1.149298
  Finished case 5/36: prey=D, predator=M1: prey=0.859927, predator=1.050526
  Finished case 6/36: prey=N, predator=N: prey=0.892385, predator=1.023622
  Finished case 7/36: prey=D, predator=M2: prey=0.858338, predator=1.054406
  Finished case 8/36: prey=N, predator=D: prey=0.835590, predator=1.049435
  Finished case 9/36: prey=N, predator=P1: prey=0.870599, predator=1.032593
  Finished case 10/36: prey=N, predator=M1: prey=0.878101, predator=1.030166
  Finished case 11/36: prey=N, predator=P2: prey=0.889739, predator=1.024105
  Finished case 12/36: prey=N, predator=M2: prey=0.878095, predator=1.028767
  Finished case 13/36: prey=P1, predator=D: prey=0.895320, predator=1.027737
  Finished case 14/36: prey=P1, predator=P1: prey=0.928510, predator=1.014157
  Finished case 15/36: prey=P1, predator=N: prey=0.945857, predator=1.008742
  Finished case 16/36: prey=P1, predator=P2: prey=0.904186, predator=1.028249
  Finished case 17/36: prey=P1, predator=M2: prey=0.902504, predator=1.028035
  Finished case 18/36: prey=P1, predator=M1: prey=0.929502, predator=1.014838
  Finished case 19/36: prey=P2, predator=D: prey=0.864498, predator=1.040746
  Finished case 20/36: prey=P2, predator=N: prey=0.907228, predator=1.020514
  Finished case 21/36: prey=P2, predator=P2: prey=0.938387, predator=1.002555
  Finished case 22/36: prey=P2, predator=M1: prey=0.917256, predator=1.014962
  Finished case 23/36: prey=P2, predator=P1: prey=0.833558, predator=1.056220
  Finished case 24/36: prey=P2, predator=M2: prey=0.900768, predator=1.019781
  Finished case 25/36: prey=M1, predator=D: prey=0.890065, predator=1.027738
  Finished case 26/36: prey=M1, predator=N: prey=0.912770, predator=1.020583
  Finished case 27/36: prey=M1, predator=P1: prey=0.898559, predator=1.024064
  Finished case 28/36: prey=M1, predator=M1: prey=0.934707, predator=1.007656
  Finished case 29/36: prey=M1, predator=P2: prey=0.908273, predator=1.021855
  Finished case 30/36: prey=M2, predator=D: prey=0.869660, predator=1.040725
  Finished case 31/36: prey=M1, predator=M2: prey=0.899878, predator=1.024009
  Finished case 32/36: prey=M2, predator=N: prey=0.939975, predator=1.008805
  Finished case 33/36: prey=M2, predator=P1: prey=0.908450, predator=1.022907
  Finished case 34/36: prey=M2, predator=P2: prey=0.933991, predator=1.009358
  Finished case 35/36: prey=M2, predator=M2: prey=0.931985, predator=1.009153
  Finished case 36/36: prey=M2, predator=M1: prey=0.920699, predator=1.016761
  [102/121] w1=0.9, w2=0.2: prey=P1, predator=D, equilibria=1
  Starting pair 103/121: w1=0.9, w2=0.3
  Solving 36 payoff case(s) with 4 worker(s).
  Finished case 1/36: prey=D, predator=D: prey=0.869831, predator=1.043437
  Finished case 2/36: prey=D, predator=P2: prey=0.863264, predator=1.052168
  Finished case 3/36: prey=D, predator=P1: prey=0.843813, predator=1.059320
  Finished case 4/36: prey=D, predator=N: prey=0.633731, predator=1.177858
  Finished case 5/36: prey=D, predator=M1: prey=0.854505, predator=1.053722
  Finished case 6/36: prey=N, predator=N: prey=0.878552, predator=1.031448
  Finished case 7/36: prey=D, predator=M2: prey=0.850827, predator=1.058689
  Finished case 8/36: prey=N, predator=D: prey=0.836911, predator=1.048589
  Finished case 9/36: prey=N, predator=P1: prey=0.868077, predator=1.034149
  Finished case 10/36: prey=N, predator=P2: prey=0.890284, predator=1.024056
  Finished case 11/36: prey=N, predator=M1: prey=0.878763, predator=1.030089
  Finished case 12/36: prey=N, predator=M2: prey=0.876068, predator=1.030017
  Finished case 13/36: prey=P1, predator=P1: prey=0.909011, predator=1.024698
  Finished case 14/36: prey=P1, predator=D: prey=0.886667, predator=1.032229
  Finished case 15/36: prey=P1, predator=N: prey=0.908861, predator=1.028654
  Finished case 16/36: prey=P1, predator=P2: prey=0.864484, predator=1.049563
  Finished case 17/36: prey=P1, predator=M1: prey=0.915815, predator=1.022082
  Finished case 18/36: prey=P1, predator=M2: prey=0.861627, predator=1.050156
  Finished case 19/36: prey=P2, predator=D: prey=0.860862, predator=1.042642
  Finished case 20/36: prey=P2, predator=N: prey=0.867558, predator=1.041940
  Finished case 21/36: prey=P2, predator=P2: prey=0.920843, predator=1.012149
  Finished case 22/36: prey=P2, predator=M1: prey=0.909980, predator=1.018698
  Finished case 23/36: prey=P2, predator=P1: prey=0.824099, predator=1.061867
  Finished case 24/36: prey=P2, predator=M2: prey=0.888149, predator=1.026782
  Finished case 25/36: prey=M1, predator=D: prey=0.881461, predator=1.032237
  Finished case 26/36: prey=M1, predator=N: prey=0.872805, predator=1.042012
  Finished case 27/36: prey=M1, predator=P1: prey=0.885231, predator=1.031417
  Finished case 28/36: prey=M1, predator=P2: prey=0.868486, predator=1.043519
  Finished case 29/36: prey=M1, predator=M1: prey=0.916645, predator=1.017460
  Finished case 30/36: prey=M2, predator=D: prey=0.866005, predator=1.042620
  Finished case 31/36: prey=M1, predator=M2: prey=0.870830, predator=1.040227
  Finished case 32/36: prey=M2, predator=N: prey=0.903187, predator=1.028705
  Finished case 33/36: prey=M2, predator=P1: prey=0.904445, predator=1.024704
  Finished case 34/36: prey=M2, predator=P2: prey=0.921431, predator=1.016030
  Finished case 35/36: prey=M2, predator=M2: prey=0.912818, predator=1.019592
  Finished case 36/36: prey=M2, predator=M1: prey=0.911477, predator=1.021510
  [103/121] w1=0.9, w2=0.3: prey=P1, predator=D, equilibria=1
  Starting pair 104/121: w1=0.9, w2=0.4
  Solving 36 payoff case(s) with 4 worker(s).
  Finished case 1/36: prey=D, predator=D: prey=0.870984, predator=1.042798
  Finished case 2/36: prey=D, predator=P2: prey=0.856536, predator=1.056018
  Finished case 3/36: prey=D, predator=P1: prey=0.828496, predator=1.068098
  Finished case 4/36: prey=D, predator=N: prey=0.589042, predator=1.201348
  Finished case 5/36: prey=D, predator=M1: prey=0.840494, predator=1.061732
  Finished case 6/36: prey=D, predator=M2: prey=0.842490, predator=1.063508
  Finished case 7/36: prey=N, predator=N: prey=0.868185, predator=1.037398
  Finished case 8/36: prey=N, predator=D: prey=0.838698, predator=1.047480
  Finished case 9/36: prey=N, predator=P1: prey=0.863695, predator=1.036708
  Finished case 10/36: prey=N, predator=M1: prey=0.877200, predator=1.031219
  Finished case 11/36: prey=N, predator=P2: prey=0.888713, predator=1.025152
  Finished case 12/36: prey=N, predator=M2: prey=0.872370, predator=1.032167
  Finished case 13/36: prey=P1, predator=P1: prey=0.890569, predator=1.034555
  Finished case 14/36: prey=P1, predator=D: prey=0.877395, predator=1.037112
  Finished case 15/36: prey=P1, predator=N: prey=0.887825, predator=1.039623
  Finished case 16/36: prey=P1, predator=P2: prey=0.827478, predator=1.069001
  Finished case 17/36: prey=P1, predator=M1: prey=0.903386, predator=1.028599
  Finished case 18/36: prey=P1, predator=M2: prey=0.819254, predator=1.072634
  Finished case 19/36: prey=P2, predator=D: prey=0.857364, predator=1.044455
  Finished case 20/36: prey=P2, predator=N: prey=0.808813, predator=1.074354
  Finished case 21/36: prey=P2, predator=P2: prey=0.904667, predator=1.020898
  Finished case 22/36: prey=P2, predator=M1: prey=0.903772, predator=1.021822
  Finished case 23/36: prey=P2, predator=P1: prey=0.831000, predator=1.058086
  Finished case 24/36: prey=P2, predator=M2: prey=0.873019, predator=1.035148
  Finished case 25/36: prey=M1, predator=D: prey=0.872244, predator=1.037127
  Finished case 26/36: prey=M1, predator=N: prey=0.813568, predator=1.074547
  Finished case 27/36: prey=M1, predator=P1: prey=0.869543, predator=1.040022
  Finished case 28/36: prey=M1, predator=P2: prey=0.826981, predator=1.065683
  Finished case 29/36: prey=M1, predator=M1: prey=0.899466, predator=1.026690
  Finished case 30/36: prey=M2, predator=D: prey=0.862488, predator=1.044431
  Finished case 31/36: prey=M1, predator=M2: prey=0.825654, predator=1.065276
  Finished case 32/36: prey=M2, predator=N: prey=0.882255, predator=1.039687
  Finished case 33/36: prey=M2, predator=P1: prey=0.898696, predator=1.027534
  Finished case 34/36: prey=M2, predator=P2: prey=0.910013, predator=1.022039
  Finished case 35/36: prey=M2, predator=M2: prey=0.895592, predator=1.028849
  Finished case 36/36: prey=M2, predator=M1: prey=0.895985, predator=1.029870
  [104/121] w1=0.9, w2=0.4: prey=M2, predator=D, equilibria=1
  Starting pair 105/121: w1=0.9, w2=0.5
  Solving 36 payoff case(s) with 4 worker(s).
  Finished case 1/36: prey=D, predator=D: prey=0.872314, predator=1.042083
  Finished case 2/36: prey=D, predator=P2: prey=0.850866, predator=1.059315
  Finished case 3/36: prey=D, predator=P1: prey=0.813798, predator=1.076582
  Finished case 4/36: prey=D, predator=N: prey=0.572704, predator=1.209769
  Finished case 5/36: prey=D, predator=M1: prey=0.830147, predator=1.067654
  Finished case 6/36: prey=D, predator=M2: prey=0.836196, predator=1.067184
  Finished case 7/36: prey=N, predator=N: prey=0.864923, predator=1.039403
  Finished case 8/36: prey=N, predator=D: prey=0.841101, predator=1.046023
  Finished case 9/36: prey=N, predator=P1: prey=0.857155, predator=1.040462
  Finished case 10/36: prey=N, predator=M1: prey=0.873226, predator=1.033654
  Finished case 11/36: prey=N, predator=P2: prey=0.884889, predator=1.027468
  Finished case 12/36: prey=N, predator=M2: prey=0.866750, predator=1.035384
  Finished case 13/36: prey=P1, predator=P1: prey=0.876455, predator=1.041959
  Finished case 14/36: prey=P1, predator=D: prey=0.867747, predator=1.042234
  Finished case 15/36: prey=P1, predator=N: prey=0.876372, predator=1.045484
  Finished case 16/36: prey=P1, predator=P2: prey=0.793723, predator=1.086496
  Finished case 17/36: prey=P1, predator=M2: prey=0.780200, predator=1.092805
  Finished case 18/36: prey=P1, predator=M1: prey=0.892410, predator=1.034321
  Finished case 19/36: prey=P2, predator=D: prey=0.854451, predator=1.045937
  Finished case 20/36: prey=P2, predator=N: prey=0.778441, predator=1.090648
  Finished case 21/36: prey=P2, predator=P2: prey=0.891907, predator=1.027702
  Finished case 22/36: prey=P2, predator=M1: prey=0.897122, predator=1.025197
  Finished case 23/36: prey=P2, predator=P1: prey=0.842814, predator=1.051427
  Finished case 24/36: prey=P2, predator=M2: prey=0.859066, predator=1.042831
  Finished case 25/36: prey=M1, predator=D: prey=0.862659, predator=1.042254
  Finished case 26/36: prey=M1, predator=N: prey=0.783173, predator=1.090746
  Finished case 27/36: prey=M1, predator=P1: prey=0.854535, predator=1.048210
  Finished case 28/36: prey=M1, predator=P2: prey=0.787652, predator=1.086213
  Finished case 29/36: prey=M1, predator=M1: prey=0.885469, predator=1.034118
  Finished case 30/36: prey=M2, predator=D: prey=0.859558, predator=1.045913
  Finished case 31/36: prey=M1, predator=M2: prey=0.764609, predator=1.098669
  Finished case 32/36: prey=M2, predator=N: prey=0.870886, predator=1.045543
  Finished case 33/36: prey=M2, predator=P1: prey=0.890453, predator=1.031794
  Finished case 34/36: prey=M2, predator=P2: prey=0.899791, predator=1.027394
  Finished case 35/36: prey=M2, predator=M2: prey=0.882805, predator=1.035581
  Finished case 36/36: prey=M2, predator=M1: prey=0.884800, predator=1.035851
  [105/121] w1=0.9, w2=0.5: prey=M2, predator=N, equilibria=1
  Starting pair 106/121: w1=0.9, w2=0.6
  Solving 36 payoff case(s) with 4 worker(s).
  Finished case 1/36: prey=D, predator=D: prey=0.873799, predator=1.041302
  Finished case 2/36: prey=D, predator=P1: prey=0.822687, predator=1.071590
  Finished case 3/36: prey=D, predator=P2: prey=0.846348, predator=1.062016
  Finished case 4/36: prey=D, predator=N: prey=0.585440, predator=1.203147
  Finished case 5/36: prey=D, predator=M1: prey=0.833980, predator=1.065604
  Finished case 6/36: prey=D, predator=M2: prey=0.831348, predator=1.070090
  Finished case 7/36: prey=N, predator=N: prey=0.867216, predator=1.038362
  Finished case 8/36: prey=N, predator=D: prey=0.844330, predator=1.044097
  Finished case 9/36: prey=N, predator=P1: prey=0.849064, predator=1.045105
  Finished case 10/36: prey=N, predator=P2: prey=0.879537, predator=1.030612
  Finished case 11/36: prey=N, predator=M1: prey=0.867441, predator=1.037069
  Finished case 12/36: prey=N, predator=M2: prey=0.859828, predator=1.039354
  Finished case 13/36: prey=P1, predator=P1: prey=0.865192, predator=1.047809
  Finished case 14/36: prey=P1, predator=D: prey=0.858422, predator=1.047174
  Finished case 15/36: prey=P1, predator=N: prey=0.872103, predator=1.047681
  Finished case 16/36: prey=P1, predator=P2: prey=0.763100, predator=1.102367
  Finished case 17/36: prey=P1, predator=M1: prey=0.882977, predator=1.039222
  Finished case 18/36: prey=P1, predator=M2: prey=0.734796, predator=1.116673
  Finished case 19/36: prey=P2, predator=D: prey=0.853477, predator=1.046330
  Finished case 20/36: prey=P2, predator=N: prey=0.773177, predator=1.093197
  Finished case 21/36: prey=P2, predator=P2: prey=0.881615, predator=1.033132
  Finished case 22/36: prey=P2, predator=M1: prey=0.887875, predator=1.030121
  Finished case 23/36: prey=P2, predator=P1: prey=0.844038, predator=1.051029
  Finished case 24/36: prey=P2, predator=M2: prey=0.848426, predator=1.048711
  Finished case 25/36: prey=M1, predator=D: prey=0.853403, predator=1.047193
  Finished case 26/36: prey=M1, predator=N: prey=0.777858, predator=1.093290
  Finished case 27/36: prey=M1, predator=P1: prey=0.842498, predator=1.054802
  Finished case 28/36: prey=M1, predator=P2: prey=0.742164, predator=1.110384
  Finished case 29/36: prey=M1, predator=M1: prey=0.874238, predator=1.040020
  Finished case 30/36: prey=M2, predator=D: prey=0.858568, predator=1.046311
  Finished case 31/36: prey=M1, predator=M2: prey=0.695948, predator=1.135469
  Finished case 32/36: prey=M2, predator=N: prey=0.866697, predator=1.047713
  Finished case 33/36: prey=M2, predator=P1: prey=0.882176, predator=1.036072
  Finished case 34/36: prey=M2, predator=P2: prey=0.890879, predator=1.032054
  Finished case 35/36: prey=M2, predator=M2: prey=0.872504, predator=1.040950
  Finished case 36/36: prey=M2, predator=M1: prey=0.878375, predator=1.039212
  [106/121] w1=0.9, w2=0.6: prey=M2, predator=N, equilibria=1
  Starting pair 107/121: w1=0.9, w2=0.7
  Solving 36 payoff case(s) with 4 worker(s).
  Finished case 1/36: prey=D, predator=D: prey=0.875392, predator=1.040478
  Finished case 2/36: prey=D, predator=P2: prey=0.842746, predator=1.064252
  Finished case 3/36: prey=D, predator=P1: prey=0.833130, predator=1.066050
  Finished case 4/36: prey=D, predator=N: prey=0.635589, predator=1.177046
  Finished case 5/36: prey=D, predator=M1: prey=0.843122, predator=1.060755
  Finished case 6/36: prey=N, predator=N: prey=0.874227, predator=1.034750
  Finished case 7/36: prey=D, predator=M2: prey=0.827275, predator=1.072623
  Finished case 8/36: prey=N, predator=D: prey=0.848711, predator=1.041514
  Finished case 9/36: prey=N, predator=P1: prey=0.841589, predator=1.049435
  Finished case 10/36: prey=N, predator=P2: prey=0.874420, predator=1.033610
  Finished case 11/36: prey=N, predator=M1: prey=0.861658, predator=1.040463
  Finished case 12/36: prey=N, predator=M2: prey=0.853579, predator=1.042981
  Finished case 13/36: prey=P1, predator=D: prey=0.849946, predator=1.051609
  Finished case 14/36: prey=P1, predator=P1: prey=0.855985, predator=1.052555
  Finished case 15/36: prey=P1, predator=N: prey=0.877464, predator=1.044933
  Finished case 16/36: prey=P1, predator=P2: prey=0.738905, predator=1.114848
  Finished case 17/36: prey=P1, predator=M2: prey=0.696127, predator=1.136961
  Finished case 18/36: prey=P1, predator=M1: prey=0.875263, predator=1.043217
  Finished case 19/36: prey=P2, predator=D: prey=0.859094, predator=1.042950
  Finished case 20/36: prey=P2, predator=N: prey=0.788579, predator=1.084936
  Finished case 21/36: prey=P2, predator=P2: prey=0.873054, predator=1.037626
  Finished case 22/36: prey=P2, predator=M1: prey=0.881809, predator=1.033379
  Finished case 23/36: prey=P2, predator=P1: prey=0.845401, predator=1.050643
  Finished case 24/36: prey=P2, predator=M2: prey=0.841218, predator=1.052751
  Finished case 25/36: prey=M1, predator=D: prey=0.844994, predator=1.051623
  Finished case 26/36: prey=M1, predator=N: prey=0.793327, predator=1.085032
  Finished case 27/36: prey=M1, predator=P1: prey=0.834188, predator=1.059404
  Finished case 28/36: prey=M1, predator=P2: prey=0.704391, predator=1.130367
  Finished case 29/36: prey=M1, predator=M1: prey=0.865107, predator=1.044782
  Finished case 30/36: prey=M2, predator=D: prey=0.864193, predator=1.042954
  Finished case 31/36: prey=M1, predator=M2: prey=0.635019, predator=1.167314
  Finished case 32/36: prey=M2, predator=N: prey=0.872029, predator=1.044965
  Finished case 33/36: prey=M2, predator=P1: prey=0.875889, predator=1.039419
  Finished case 34/36: prey=M2, predator=P2: prey=0.883518, predator=1.035898
  Finished case 35/36: prey=M2, predator=M2: prey=0.863889, predator=1.045417
  Finished case 36/36: prey=M2, predator=M1: prey=0.875442, predator=1.040693
  [107/121] w1=0.9, w2=0.7: prey=M2, predator=M2, equilibria=1
  Starting pair 108/121: w1=0.9, w2=0.8
  Solving 36 payoff case(s) with 4 worker(s).
  Finished case 1/36: prey=D, predator=D: prey=0.877010, predator=1.039655
  Finished case 2/36: prey=D, predator=P1: prey=0.841109, predator=1.062113
  Finished case 3/36: prey=D, predator=P2: prey=0.838502, predator=1.066867
  Finished case 4/36: prey=D, predator=N: prey=0.727837, predator=1.128985
  Finished case 5/36: prey=D, predator=M1: prey=0.851154, predator=1.056718
  Finished case 6/36: prey=D, predator=M2: prey=0.823078, predator=1.075235
  Finished case 7/36: prey=N, predator=N: prey=0.885142, predator=1.029003
  Finished case 8/36: prey=N, predator=D: prey=0.854802, predator=1.037944
  Finished case 9/36: prey=N, predator=P1: prey=0.836527, predator=1.052434
  Finished case 10/36: prey=N, predator=M1: prey=0.857478, predator=1.042943
  Finished case 11/36: prey=N, predator=P2: prey=0.870882, predator=1.035711
  Finished case 12/36: prey=N, predator=M2: prey=0.849529, predator=1.045398
  Finished case 13/36: prey=P1, predator=D: prey=0.842262, predator=1.055551
  Finished case 14/36: prey=P1, predator=P1: prey=0.848795, predator=1.056243
  Finished case 15/36: prey=P1, predator=N: prey=0.890477, predator=1.038365
  Finished case 16/36: prey=P1, predator=P2: prey=0.722481, predator=1.123209
  Finished case 17/36: prey=P1, predator=M1: prey=0.869241, predator=1.046332
  Finished case 18/36: prey=P1, predator=M2: prey=0.674062, predator=1.148150
  Finished case 19/36: prey=P2, predator=D: prey=0.871580, predator=1.035652
  Finished case 20/36: prey=P2, predator=N: prey=0.829539, predator=1.063345
  Finished case 21/36: prey=P2, predator=P2: prey=0.866236, predator=1.041202
  Finished case 22/36: prey=P2, predator=P1: prey=0.852148, predator=1.047580
  Finished case 23/36: prey=P2, predator=M1: prey=0.880605, predator=1.034006
  Finished case 24/36: prey=P2, predator=M2: prey=0.837415, predator=1.054989
  Finished case 25/36: prey=M1, predator=D: prey=0.837370, predator=1.055558
  Finished case 26/36: prey=M1, predator=N: prey=0.834596, predator=1.063403
  Finished case 27/36: prey=M1, predator=P1: prey=0.829688, predator=1.061982
  Finished case 28/36: prey=M1, predator=P2: prey=0.682871, predator=1.141368
  Finished case 29/36: prey=M1, predator=M1: prey=0.857953, predator=1.048498
  Finished case 30/36: prey=M2, predator=D: prey=0.876788, predator=1.035653
  Finished case 31/36: prey=M1, predator=M2: prey=0.597515, predator=1.186445
  Finished case 32/36: prey=M2, predator=N: prey=0.884832, predator=1.038468
  Finished case 33/36: prey=M2, predator=P1: prey=0.874503, predator=1.040151
  Finished case 34/36: prey=M2, predator=P2: prey=0.877738, predator=1.038919
  Finished case 35/36: prey=M2, predator=M2: prey=0.857048, predator=1.048959
  Finished case 36/36: prey=M2, predator=M1: prey=0.874990, predator=1.040868
  [108/121] w1=0.9, w2=0.8: prey=M2, predator=M2, equilibria=1
  Starting pair 109/121: w1=0.9, w2=0.9
  Solving 36 payoff case(s) with 4 worker(s).
  Finished case 1/36: prey=D, predator=D: prey=0.878520, predator=1.038904
  Finished case 2/36: prey=D, predator=P1: prey=0.849237, predator=1.058234
  Finished case 3/36: prey=D, predator=P2: prey=0.833290, predator=1.070070
  Finished case 4/36: prey=D, predator=N: prey=0.821093, predator=1.081237
  Finished case 5/36: prey=D, predator=M1: prey=0.859068, predator=1.052908
  Finished case 6/36: prey=D, predator=M2: prey=0.817656, predator=1.078591
  Finished case 7/36: prey=N, predator=N: prey=0.898783, predator=1.021753
  Finished case 8/36: prey=N, predator=D: prey=0.863726, predator=1.032720
  Finished case 9/36: prey=N, predator=P1: prey=0.834221, predator=1.053904
  Finished case 10/36: prey=N, predator=P2: prey=0.869098, predator=1.036820
  Finished case 11/36: prey=N, predator=M1: prey=0.855215, predator=1.044335
  Finished case 12/36: prey=N, predator=M2: prey=0.847935, predator=1.046459
  Finished case 13/36: prey=P1, predator=P1: prey=0.843499, predator=1.058969
  Finished case 14/36: prey=P1, predator=D: prey=0.834937, predator=1.059238
  Finished case 15/36: prey=P1, predator=N: prey=0.908982, predator=1.029096
  Finished case 16/36: prey=P1, predator=P2: prey=0.712173, predator=1.128378
  Finished case 17/36: prey=P1, predator=M1: prey=0.864682, predator=1.048698
  Finished case 18/36: prey=P1, predator=M2: prey=0.666064, predator=1.151805
  Finished case 19/36: prey=P2, predator=D: prey=0.882475, predator=1.029323
  Finished case 20/36: prey=P2, predator=N: prey=0.878710, predator=1.037965
  Finished case 21/36: prey=P2, predator=P2: prey=0.861173, predator=1.043877
  Finished case 22/36: prey=P2, predator=M1: prey=0.882815, predator=1.032826
  Finished case 23/36: prey=P2, predator=P1: prey=0.868308, predator=1.039434
  Finished case 24/36: prey=P2, predator=M2: prey=0.836563, predator=1.055710
  Finished case 25/36: prey=M1, predator=D: prey=0.830091, predator=1.059240
  Finished case 26/36: prey=M1, predator=N: prey=0.884448, predator=1.037820
  Finished case 27/36: prey=M1, predator=P1: prey=0.828387, predator=1.062905
  Finished case 28/36: prey=M1, predator=M1: prey=0.852669, predator=1.051254
  Finished case 29/36: prey=M1, predator=P2: prey=0.675467, predator=1.144728
  Finished case 30/36: prey=M2, predator=D: prey=0.887788, predator=1.029314
  Finished case 31/36: prey=M1, predator=M2: prey=0.597437, predator=1.185590
  Finished case 32/36: prey=M2, predator=N: prey=0.903326, predator=1.029129
  Finished case 33/36: prey=M2, predator=P1: prey=0.876721, predator=1.038990
  Finished case 34/36: prey=M2, predator=P2: prey=0.873359, predator=1.041218
  Finished case 35/36: prey=M2, predator=M2: prey=0.851977, predator=1.051603
  Finished case 36/36: prey=M2, predator=M1: prey=0.876247, predator=1.040164
  [109/121] w1=0.9, w2=0.9: prey=M2, predator=M2, equilibria=1
  Starting pair 110/121: w1=0.9, w2=1
  Solving 36 payoff case(s) with 4 worker(s).
  Finished case 1/36: prey=D, predator=D: prey=0.879725, predator=1.038329
  Finished case 2/36: prey=D, predator=P2: prey=0.830385, predator=1.072036
  Finished case 3/36: prey=D, predator=P1: prey=0.856230, predator=1.055113
  Finished case 4/36: prey=D, predator=N: prey=0.986458, predator=0.992054
  Finished case 5/36: prey=D, predator=M1: prey=0.866940, predator=1.049218
  Finished case 6/36: prey=N, predator=N: prey=0.913788, predator=1.013734
  Finished case 7/36: prey=D, predator=M2: prey=0.814787, predator=1.080569
  Finished case 8/36: prey=N, predator=D: prey=0.874427, predator=1.026428
  Finished case 9/36: prey=N, predator=P1: prey=0.834349, predator=1.054030
  Finished case 10/36: prey=N, predator=P2: prey=0.868748, predator=1.037122
  Finished case 11/36: prey=N, predator=M1: prey=0.854543, predator=1.044829
  Finished case 12/36: prey=N, predator=M2: prey=0.848529, predator=1.046314
  Finished case 13/36: prey=P1, predator=P1: prey=0.839844, predator=1.060884
  Finished case 14/36: prey=P1, predator=D: prey=0.827410, predator=1.062998
  Finished case 15/36: prey=P1, predator=N: prey=0.967826, predator=0.997008
  Finished case 16/36: prey=P1, predator=P2: prey=0.702351, predator=1.133508
  Finished case 17/36: prey=P1, predator=M1: prey=0.861321, predator=1.050459
  Finished case 18/36: prey=P1, predator=M2: prey=0.651719, predator=1.159404
  Finished case 19/36: prey=P2, predator=D: prey=0.889914, predator=1.024956
  Finished case 20/36: prey=P2, predator=N: prey=0.967386, predator=0.990190
  Finished case 21/36: prey=P2, predator=P2: prey=0.857706, predator=1.045744
  Finished case 22/36: prey=P2, predator=M1: prey=0.887291, predator=1.030480
  Finished case 23/36: prey=P2, predator=P1: prey=0.887197, predator=1.029751
  Finished case 24/36: prey=P2, predator=M2: prey=0.837515, predator=1.055523
  Finished case 25/36: prey=M1, predator=D: prey=0.822599, predator=1.063002
  Finished case 26/36: prey=M1, predator=N: prey=0.973383, predator=0.990184
  Finished case 27/36: prey=M1, predator=P1: prey=0.829005, predator=1.062864
  Finished case 28/36: prey=M1, predator=P2: prey=0.661911, predator=1.151945
  Finished case 29/36: prey=M1, predator=M1: prey=0.849022, predator=1.053187
  Finished case 30/36: prey=M2, predator=D: prey=0.895333, predator=1.024925
  Finished case 31/36: prey=M1, predator=M2: prey=0.622702, predator=1.171364
  Finished case 32/36: prey=M2, predator=N: prey=0.961900, predator=0.997015
  Finished case 33/36: prey=M2, predator=P1: prey=0.881293, predator=1.036624
  Finished case 34/36: prey=M2, predator=M2: prey=0.848504, predator=1.053454
  Finished case 35/36: prey=M2, predator=P2: prey=0.870152, predator=1.042920
  Finished case 36/36: prey=M2, predator=M1: prey=0.878635, predator=1.038891
  [110/121] w1=0.9, w2=1: prey=N, predator=M2, equilibria=1
  Starting pair 111/121: w1=1, w2=0
  Solving 36 payoff case(s) with 4 worker(s).
  Finished case 1/36: prey=D, predator=D: prey=0.863371, predator=1.046718
  Finished case 2/36: prey=D, predator=P1: prey=0.839565, predator=1.060710
  Finished case 3/36: prey=D, predator=P2: prey=0.862550, predator=1.052301
  Finished case 4/36: prey=D, predator=N: prey=0.706011, predator=1.139747
  Finished case 5/36: prey=D, predator=M1: prey=0.854927, predator=1.052456
  Finished case 6/36: prey=N, predator=N: prey=0.830648, predator=1.056509
  Finished case 7/36: prey=D, predator=M2: prey=0.852847, predator=1.057097
  Finished case 8/36: prey=N, predator=D: prey=0.813268, predator=1.062726
  Finished case 9/36: prey=N, predator=P1: prey=0.810056, predator=1.065565
  Finished case 10/36: prey=N, predator=P2: prey=0.838209, predator=1.052322
  Finished case 11/36: prey=N, predator=M1: prey=0.826328, predator=1.058538
  Finished case 12/36: prey=N, predator=M2: prey=0.822724, predator=1.058857
  Finished case 13/36: prey=P1, predator=D: prey=0.906244, predator=1.022154
  Finished case 14/36: prey=P1, predator=P1: prey=0.953593, predator=1.000880
  Finished case 15/36: prey=P1, predator=N: prey=0.997600, predator=0.980932
  Finished case 16/36: prey=P1, predator=P2: prey=0.954821, predator=1.001049
  Finished case 17/36: prey=P1, predator=M1: prey=0.943626, predator=1.007487
  Finished case 18/36: prey=P1, predator=M2: prey=0.956847, predator=0.998856
  Finished case 19/36: prey=P2, predator=D: prey=0.870288, predator=1.037704
  Finished case 20/36: prey=P2, predator=N: prey=0.961008, predator=0.990458
  Finished case 21/36: prey=P2, predator=P2: prey=0.963610, predator=0.988904
  Finished case 22/36: prey=P2, predator=M1: prey=0.938956, predator=1.003313
  Finished case 23/36: prey=P2, predator=P1: prey=0.846452, predator=1.048382
  Finished case 24/36: prey=P2, predator=M2: prey=0.914173, predator=1.011996
  Finished case 25/36: prey=M1, predator=D: prey=0.900927, predator=1.022152
  Finished case 26/36: prey=M1, predator=N: prey=0.967209, predator=0.990272
  Finished case 27/36: prey=M1, predator=P1: prey=0.914746, predator=1.014735
  Finished case 28/36: prey=M1, predator=P2: prey=0.959711, predator=0.994138
  Finished case 29/36: prey=M1, predator=M1: prey=0.961759, predator=0.993077
  Finished case 30/36: prey=M2, predator=D: prey=0.875473, predator=1.037692
  Finished case 31/36: prey=M1, predator=M2: prey=0.948515, predator=0.997387
  Finished case 32/36: prey=M2, predator=N: prey=0.990468, predator=0.981514
  Finished case 33/36: prey=M2, predator=P1: prey=0.937116, predator=1.007282
  Finished case 34/36: prey=M2, predator=P2: prey=0.946437, predator=1.002892
  Finished case 35/36: prey=M2, predator=M2: prey=0.955554, predator=0.996620
  Finished case 36/36: prey=M2, predator=M1: prey=0.939471, predator=1.007079
  [111/121] w1=1, w2=0: prey=P1, predator=D, equilibria=1
  Starting pair 112/121: w1=1, w2=0.1
  Solving 36 payoff case(s) with 4 worker(s).
  Finished case 1/36: prey=D, predator=D: prey=0.864128, predator=1.046180
  Finished case 2/36: prey=D, predator=P1: prey=0.838339, predator=1.061657
  Finished case 3/36: prey=D, predator=P2: prey=0.859460, predator=1.053848
  Finished case 4/36: prey=D, predator=N: prey=0.698329, predator=1.143664
  Finished case 5/36: prey=D, predator=M1: prey=0.854645, predator=1.052799
  Finished case 6/36: prey=N, predator=N: prey=0.838281, predator=1.052753
  Finished case 7/36: prey=D, predator=M2: prey=0.849175, predator=1.059014
  Finished case 8/36: prey=N, predator=D: prey=0.813387, predator=1.062557
  Finished case 9/36: prey=N, predator=P1: prey=0.813626, predator=1.063799
  Finished case 10/36: prey=N, predator=P2: prey=0.842287, predator=1.050284
  Finished case 11/36: prey=N, predator=M1: prey=0.830361, predator=1.056549
  Finished case 12/36: prey=N, predator=M2: prey=0.826275, predator=1.057080
  Finished case 13/36: prey=P1, predator=D: prey=0.895860, predator=1.027371
  Finished case 14/36: prey=P1, predator=P1: prey=0.941803, predator=1.007099
  Finished case 15/36: prey=P1, predator=N: prey=0.974210, predator=0.993380
  Finished case 16/36: prey=P1, predator=P2: prey=0.929485, predator=1.014554
  Finished case 17/36: prey=P1, predator=M1: prey=0.935281, predator=1.011822
  Finished case 18/36: prey=P1, predator=M2: prey=0.932998, predator=1.011584
  Finished case 19/36: prey=P2, predator=D: prey=0.867069, predator=1.039391
  Finished case 20/36: prey=P2, predator=N: prey=0.942784, predator=1.000704
  Finished case 21/36: prey=P2, predator=P2: prey=0.950924, predator=0.995785
  Finished case 22/36: prey=P2, predator=P1: prey=0.837124, predator=1.053797
  Finished case 23/36: prey=P2, predator=M1: prey=0.924649, predator=1.011201
  Finished case 24/36: prey=P2, predator=M2: prey=0.905871, predator=1.016603
  Finished case 25/36: prey=M1, predator=D: prey=0.890606, predator=1.027371
  Finished case 26/36: prey=M1, predator=P1: prey=0.904889, predator=1.020214
  Finished case 27/36: prey=M1, predator=N: prey=0.948662, predator=1.000667
  Finished case 28/36: prey=M1, predator=P2: prey=0.937370, predator=1.006076
  Finished case 29/36: prey=M1, predator=M1: prey=0.948343, predator=1.000321
  Finished case 30/36: prey=M2, predator=D: prey=0.872232, predator=1.039380
  Finished case 31/36: prey=M1, predator=M2: prey=0.938179, predator=1.003108
  Finished case 32/36: prey=M2, predator=N: prey=0.967618, predator=0.993759
  Finished case 33/36: prey=M2, predator=P1: prey=0.920556, predator=1.016415
  Finished case 34/36: prey=M2, predator=P2: prey=0.938683, predator=1.006925
  Finished case 35/36: prey=M2, predator=M2: prey=0.944364, predator=1.002550
  Finished case 36/36: prey=M2, predator=M1: prey=0.928166, predator=1.013107
  [112/121] w1=1, w2=0.1: prey=P1, predator=D, equilibria=1
  Starting pair 113/121: w1=1, w2=0.2
  Solving 36 payoff case(s) with 4 worker(s).
  Finished case 1/36: prey=D, predator=D: prey=0.865129, predator=1.045565
  Finished case 2/36: prey=D, predator=P2: prey=0.856027, predator=1.055684
  Finished case 3/36: prey=D, predator=P1: prey=0.839457, predator=1.061110
  Finished case 4/36: prey=D, predator=N: prey=0.674144, predator=1.156099
  Finished case 5/36: prey=D, predator=M1: prey=0.852195, predator=1.054330
  Finished case 6/36: prey=N, predator=N: prey=0.845906, predator=1.048932
  Finished case 7/36: prey=D, predator=M2: prey=0.844682, predator=1.061504
  Finished case 8/36: prey=N, predator=D: prey=0.813720, predator=1.062269
  Finished case 9/36: prey=N, predator=P1: prey=0.817274, predator=1.061987
  Finished case 10/36: prey=N, predator=P2: prey=0.846356, predator=1.048246
  Finished case 11/36: prey=N, predator=M1: prey=0.834371, predator=1.054570
  Finished case 12/36: prey=N, predator=M2: prey=0.829906, predator=1.055257
  Finished case 13/36: prey=P1, predator=D: prey=0.886006, predator=1.032360
  Finished case 14/36: prey=P1, predator=P1: prey=0.924449, predator=1.016436
  Finished case 15/36: prey=P1, predator=N: prey=0.933119, predator=1.015698
  Finished case 16/36: prey=P1, predator=P2: prey=0.891691, predator=1.034964
  Finished case 17/36: prey=P1, predator=M1: prey=0.924186, predator=1.017620
  Finished case 18/36: prey=P1, predator=M2: prey=0.897586, predator=1.030766
  Finished case 19/36: prey=P2, predator=D: prey=0.863920, predator=1.041033
  Finished case 20/36: prey=P2, predator=N: prey=0.906062, predator=1.021274
  Finished case 21/36: prey=P2, predator=P2: prey=0.934579, predator=1.004705
  Finished case 22/36: prey=P2, predator=M1: prey=0.914328, predator=1.016722
  Finished case 23/36: prey=P2, predator=P1: prey=0.824749, predator=1.061029
  Finished case 24/36: prey=P2, predator=M2: prey=0.895679, predator=1.022252
  Finished case 25/36: prey=M1, predator=D: prey=0.880813, predator=1.032362
  Finished case 26/36: prey=M1, predator=N: prey=0.911537, predator=1.021376
  Finished case 27/36: prey=M1, predator=P1: prey=0.893628, predator=1.026437
  Finished case 28/36: prey=M1, predator=P2: prey=0.903719, predator=1.024375
  Finished case 29/36: prey=M1, predator=M1: prey=0.931384, predator=1.009519
  Finished case 30/36: prey=M2, predator=D: prey=0.869061, predator=1.041022
  Finished case 31/36: prey=M1, predator=M2: prey=0.920642, predator=1.012900
  Finished case 32/36: prey=M2, predator=N: prey=0.927290, predator=1.015763
  Finished case 33/36: prey=M2, predator=P1: prey=0.905610, predator=1.024595
  Finished case 34/36: prey=M2, predator=P2: prey=0.928474, predator=1.012274
  Finished case 35/36: prey=M2, predator=M2: prey=0.927153, predator=1.011886
  Finished case 36/36: prey=M2, predator=M1: prey=0.918363, predator=1.018209
  [113/121] w1=1, w2=0.2: prey=P1, predator=D, equilibria=1
  Starting pair 114/121: w1=1, w2=0.3
  Solving 36 payoff case(s) with 4 worker(s).
  Finished case 1/36: prey=D, predator=D: prey=0.866326, predator=1.044883
  Finished case 2/36: prey=D, predator=P1: prey=0.833509, predator=1.064562
  Finished case 3/36: prey=D, predator=P2: prey=0.852008, predator=1.057955
  Finished case 4/36: prey=D, predator=N: prey=0.622784, predator=1.183474
  Finished case 5/36: prey=D, predator=M1: prey=0.844347, predator=1.058891
  Finished case 6/36: prey=N, predator=N: prey=0.851931, predator=1.045910
  Finished case 7/36: prey=D, predator=M2: prey=0.839091, predator=1.064732
  Finished case 8/36: prey=N, predator=D: prey=0.814289, predator=1.061849
  Finished case 9/36: prey=N, predator=P1: prey=0.820829, predator=1.060224
  Finished case 10/36: prey=N, predator=M1: prey=0.838101, predator=1.052733
  Finished case 11/36: prey=N, predator=P2: prey=0.850171, predator=1.046335
  Finished case 12/36: prey=N, predator=M2: prey=0.833457, predator=1.053475
  Finished case 13/36: prey=P1, predator=P1: prey=0.904259, predator=1.027303
  Finished case 14/36: prey=P1, predator=D: prey=0.876301, predator=1.037338
  Finished case 15/36: prey=P1, predator=N: prey=0.899422, predator=1.033693
  Finished case 16/36: prey=P1, predator=P2: prey=0.849931, predator=1.057293
  Finished case 17/36: prey=P1, predator=M1: prey=0.911319, predator=1.024357
  Finished case 18/36: prey=P1, predator=M2: prey=0.853447, predator=1.054603
  Finished case 19/36: prey=P2, predator=D: prey=0.860923, predator=1.042583
  Finished case 20/36: prey=P2, predator=N: prey=0.867156, predator=1.042257
  Finished case 21/36: prey=P2, predator=P2: prey=0.917152, predator=1.014161
  Finished case 22/36: prey=P2, predator=P1: prey=0.820865, predator=1.063498
  Finished case 23/36: prey=P2, predator=M1: prey=0.908193, predator=1.019829
  Finished case 24/36: prey=P2, predator=M2: prey=0.882236, predator=1.029710
  Finished case 25/36: prey=M1, predator=D: prey=0.871173, predator=1.037341
  Finished case 26/36: prey=M1, predator=N: prey=0.872255, predator=1.042410
  Finished case 27/36: prey=M1, predator=P1: prey=0.879611, predator=1.034161
  Finished case 28/36: prey=M1, predator=P2: prey=0.860881, predator=1.047646
  Finished case 29/36: prey=M1, predator=M1: prey=0.913125, predator=1.019360
  Finished case 30/36: prey=M2, predator=D: prey=0.866043, predator=1.042573
  Finished case 31/36: prey=M1, predator=M2: prey=0.894088, predator=1.027713
  Finished case 32/36: prey=M2, predator=N: prey=0.893807, predator=1.033742
  Finished case 33/36: prey=M2, predator=P1: prey=0.899886, predator=1.027442
  Finished case 34/36: prey=M2, predator=P2: prey=0.916557, predator=1.018541
  Finished case 35/36: prey=M2, predator=M2: prey=0.907937, predator=1.022284
  Finished case 36/36: prey=M2, predator=M1: prey=0.909324, predator=1.022871
  [114/121] w1=1, w2=0.3: prey=P1, predator=D, equilibria=1
  Starting pair 115/121: w1=1, w2=0.4
  Solving 36 payoff case(s) with 4 worker(s).
  Finished case 1/36: prey=D, predator=D: prey=0.867695, predator=1.044139
  Finished case 2/36: prey=D, predator=P2: prey=0.848229, predator=1.060182
  Finished case 3/36: prey=D, predator=P1: prey=0.817028, predator=1.074022
  Finished case 4/36: prey=D, predator=N: prey=0.580927, predator=1.205483
  Finished case 5/36: prey=D, predator=M1: prey=0.830103, predator=1.067055
  Finished case 6/36: prey=N, predator=N: prey=0.855950, predator=1.043943
  Finished case 7/36: prey=D, predator=M2: prey=0.833965, predator=1.067779
  Finished case 8/36: prey=N, predator=D: prey=0.815112, predator=1.061287
  Finished case 9/36: prey=N, predator=P1: prey=0.824066, predator=1.058632
  Finished case 10/36: prey=N, predator=M1: prey=0.841252, predator=1.051196
  Finished case 11/36: prey=N, predator=P2: prey=0.853461, predator=1.044696
  Finished case 12/36: prey=N, predator=M2: prey=0.836734, predator=1.051842
  Finished case 13/36: prey=P1, predator=D: prey=0.866755, predator=1.042286
  Finished case 14/36: prey=P1, predator=P1: prey=0.887392, predator=1.036185
  Finished case 15/36: prey=P1, predator=N: prey=0.882827, predator=1.042186
  Finished case 16/36: prey=P1, predator=P2: prey=0.813432, predator=1.076267
  Finished case 17/36: prey=P1, predator=M1: prey=0.898208, predator=1.031222
  Finished case 18/36: prey=P1, predator=M2: prey=0.811205, predator=1.076823
  Finished case 19/36: prey=P2, predator=D: prey=0.858398, predator=1.043864
  Finished case 20/36: prey=P2, predator=N: prey=0.806162, predator=1.076014
  Finished case 21/36: prey=P2, predator=P2: prey=0.901720, predator=1.022425
  Finished case 22/36: prey=P2, predator=P1: prey=0.833881, predator=1.056268
  Finished case 23/36: prey=P2, predator=M1: prey=0.903227, predator=1.022225
  Finished case 24/36: prey=P2, predator=M2: prey=0.867517, predator=1.037830
  Finished case 25/36: prey=M1, predator=D: prey=0.861695, predator=1.042289
  Finished case 26/36: prey=M1, predator=N: prey=0.810843, predator=1.076242
  Finished case 27/36: prey=M1, predator=P1: prey=0.864090, predator=1.042656
  Finished case 28/36: prey=M1, predator=P2: prey=0.819606, predator=1.069491
  Finished case 29/36: prey=M1, predator=M1: prey=0.896535, predator=1.028190
  Finished case 30/36: prey=M2, predator=D: prey=0.863499, predator=1.043856
  Finished case 31/36: prey=M1, predator=M2: prey=0.860349, predator=1.046258
  Finished case 32/36: prey=M2, predator=N: prey=0.877328, predator=1.042231
  Finished case 33/36: prey=M2, predator=P1: prey=0.897494, predator=1.028305
  Finished case 34/36: prey=M2, predator=P2: prey=0.904428, predator=1.024920
  Finished case 35/36: prey=M2, predator=M2: prey=0.892486, predator=1.030454
  Finished case 36/36: prey=M2, predator=M1: prey=0.901015, predator=1.027166
  [115/121] w1=1, w2=0.4: prey=M2, predator=D, equilibria=1
  Starting pair 116/121: w1=1, w2=0.5
  Solving 36 payoff case(s) with 4 worker(s).
  Finished case 1/36: prey=D, predator=D: prey=0.869219, predator=1.043336
  Finished case 2/36: prey=D, predator=P2: prey=0.845485, predator=1.061890
  Finished case 3/36: prey=D, predator=P1: prey=0.807953, predator=1.079339
  Finished case 4/36: prey=D, predator=N: prey=0.565553, predator=1.213437
  Finished case 5/36: prey=D, predator=M1: prey=0.823568, predator=1.070867
  Finished case 6/36: prey=D, predator=M2: prey=0.830886, predator=1.069705
  Finished case 7/36: prey=N, predator=N: prey=0.860646, predator=1.041553
  Finished case 8/36: prey=N, predator=D: prey=0.816194, predator=1.060579
  Finished case 9/36: prey=N, predator=P1: prey=0.826742, predator=1.057349
  Finished case 10/36: prey=N, predator=P2: prey=0.855969, predator=1.043467
  Finished case 11/36: prey=N, predator=M1: prey=0.843529, predator=1.050119
  Finished case 12/36: prey=N, predator=M2: prey=0.839539, predator=1.050470
  Finished case 13/36: prey=P1, predator=D: prey=0.857854, predator=1.046907
  Finished case 14/36: prey=P1, predator=P1: prey=0.873592, predator=1.043356
  Finished case 15/36: prey=P1, predator=N: prey=0.874195, predator=1.046547
  Finished case 16/36: prey=P1, predator=P2: prey=0.778591, predator=1.094251
  Finished case 17/36: prey=P1, predator=M1: prey=0.886386, predator=1.037399
  Finished case 18/36: prey=P1, predator=M2: prey=0.770847, predator=1.097588
  Finished case 19/36: prey=P2, predator=D: prey=0.857256, predator=1.044370
  Finished case 20/36: prey=P2, predator=N: prey=0.778305, predator=1.090875
  Finished case 21/36: prey=P2, predator=P2: prey=0.888846, predator=1.029248
  Finished case 22/36: prey=P2, predator=M1: prey=0.896515, predator=1.025652
  Finished case 23/36: prey=P2, predator=P1: prey=0.841794, predator=1.051912
  Finished case 24/36: prey=P2, predator=M2: prey=0.854464, predator=1.045004
  Finished case 25/36: prey=M1, predator=D: prey=0.852858, predator=1.046908
  Finished case 26/36: prey=M1, predator=N: prey=0.782914, predator=1.091037
  Finished case 27/36: prey=M1, predator=P1: prey=0.849812, predator=1.050431
  Finished case 28/36: prey=M1, predator=P2: prey=0.777937, predator=1.091236
  Finished case 29/36: prey=M1, predator=M1: prey=0.882400, predator=1.035652
  Finished case 30/36: prey=M2, predator=D: prey=0.862346, predator=1.044364
  Finished case 31/36: prey=M1, predator=M2: prey=0.807049, predator=1.075568
  Finished case 32/36: prey=M2, predator=N: prey=0.868782, predator=1.046577
  Finished case 33/36: prey=M2, predator=P1: prey=0.889897, predator=1.032204
  Finished case 34/36: prey=M2, predator=P2: prey=0.893491, predator=1.030659
  Finished case 35/36: prey=M2, predator=M2: prey=0.879974, predator=1.036976
  Finished case 36/36: prey=M2, predator=M1: prey=0.893437, predator=1.031112
  [116/121] w1=1, w2=0.5: prey=M2, predator=N, equilibria=1
  Starting pair 117/121: w1=1, w2=0.6
  Solving 36 payoff case(s) with 4 worker(s).
  Finished case 1/36: prey=D, predator=D: prey=0.870876, predator=1.042480
  Finished case 2/36: prey=D, predator=P2: prey=0.842912, predator=1.063548
  Finished case 3/36: prey=D, predator=P1: prey=0.818254, predator=1.073646
  Finished case 4/36: prey=D, predator=N: prey=0.578836, predator=1.206561
  Finished case 5/36: prey=D, predator=M1: prey=0.829381, predator=1.067771
  Finished case 6/36: prey=N, predator=N: prey=0.867000, predator=1.038205
  Finished case 7/36: prey=D, predator=M2: prey=0.828026, predator=1.071552
  Finished case 8/36: prey=N, predator=D: prey=0.817524, predator=1.059731
  Finished case 9/36: prey=N, predator=P1: prey=0.828703, predator=1.056464
  Finished case 10/36: prey=N, predator=P2: prey=0.857572, predator=1.042720
  Finished case 11/36: prey=N, predator=M1: prey=0.844758, predator=1.049601
  Finished case 12/36: prey=N, predator=M2: prey=0.841764, predator=1.049420
  Finished case 13/36: prey=P1, predator=D: prey=0.850099, predator=1.050889
  Finished case 14/36: prey=P1, predator=P1: prey=0.861925, predator=1.049395
  Finished case 15/36: prey=P1, predator=N: prey=0.873047, predator=1.047104
  Finished case 16/36: prey=P1, predator=P2: prey=0.745077, predator=1.111697
  Finished case 17/36: prey=P1, predator=M1: prey=0.876647, predator=1.042464
  Finished case 18/36: prey=P1, predator=M2: prey=0.720408, predator=1.124255
  Finished case 19/36: prey=P2, predator=D: prey=0.860426, predator=1.042424
  Finished case 20/36: prey=P2, predator=N: prey=0.774846, predator=1.092423
  Finished case 21/36: prey=P2, predator=P2: prey=0.878113, predator=1.034896
  Finished case 22/36: prey=P2, predator=P1: prey=0.841196, predator=1.052477
  Finished case 23/36: prey=P2, predator=M1: prey=0.889487, predator=1.029318
  Finished case 24/36: prey=P2, predator=M2: prey=0.844270, predator=1.050640
  Finished case 25/36: prey=M1, predator=D: prey=0.845158, predator=1.050889
  Finished case 26/36: prey=M1, predator=N: prey=0.779405, predator=1.092586
  Finished case 27/36: prey=M1, predator=P1: prey=0.838234, predator=1.056774
  Finished case 28/36: prey=M1, predator=P2: prey=0.728091, predator=1.117838
  Finished case 29/36: prey=M1, predator=M1: prey=0.870738, predator=1.041764
  Finished case 30/36: prey=M2, predator=D: prey=0.865538, predator=1.042420
  Finished case 31/36: prey=M1, predator=M2: prey=0.737523, predator=1.113437
  Finished case 32/36: prey=M2, predator=N: prey=0.867668, predator=1.047121
  Finished case 33/36: prey=M2, predator=P1: prey=0.882755, predator=1.035875
  Finished case 34/36: prey=M2, predator=P2: prey=0.884400, predator=1.035413
  Finished case 35/36: prey=M2, predator=M2: prey=0.869232, predator=1.042558
  Finished case 36/36: prey=M2, predator=M1: prey=0.887296, predator=1.034334
  [117/121] w1=1, w2=0.6: prey=M2, predator=N, equilibria=1
  Starting pair 118/121: w1=1, w2=0.7
  Solving 36 payoff case(s) with 4 worker(s).
  Finished case 1/36: prey=D, predator=D: prey=0.872629, predator=1.041589
  Finished case 2/36: prey=D, predator=P2: prey=0.840007, predator=1.065422
  Finished case 3/36: prey=D, predator=P1: prey=0.828755, predator=1.068136
  Finished case 4/36: prey=D, predator=N: prey=0.629826, predator=1.180050
  Finished case 5/36: prey=D, predator=M1: prey=0.838791, predator=1.062824
  Finished case 6/36: prey=D, predator=M2: prey=0.824610, predator=1.073752
  Finished case 7/36: prey=N, predator=N: prey=0.874082, predator=1.034451
  Finished case 8/36: prey=N, predator=D: prey=0.819068, predator=1.058760
  Finished case 9/36: prey=N, predator=P1: prey=0.830153, predator=1.055864
  Finished case 10/36: prey=N, predator=P2: prey=0.858509, predator=1.042325
  Finished case 11/36: prey=N, predator=M1: prey=0.845171, predator=1.049519
  Finished case 12/36: prey=N, predator=M2: prey=0.843614, predator=1.048582
  Finished case 13/36: prey=P1, predator=D: prey=0.843644, predator=1.054124
  Finished case 14/36: prey=P1, predator=P1: prey=0.852513, predator=1.054236
  Finished case 15/36: prey=P1, predator=N: prey=0.880487, predator=1.043257
  Finished case 16/36: prey=P1, predator=P2: prey=0.719313, predator=1.125026
  Finished case 17/36: prey=P1, predator=M1: prey=0.869109, predator=1.046360
  Finished case 18/36: prey=P1, predator=M2: prey=0.681105, predator=1.144808
  Finished case 19/36: prey=P2, predator=D: prey=0.870847, predator=1.036333
  Finished case 20/36: prey=P2, predator=N: prey=0.792157, predator=1.083109
  Finished case 21/36: prey=P2, predator=P2: prey=0.869404, predator=1.039457
  Finished case 22/36: prey=P2, predator=P1: prey=0.841860, predator=1.052564
  Finished case 23/36: prey=P2, predator=M1: prey=0.883877, predator=1.032316
  Finished case 24/36: prey=P2, predator=M2: prey=0.837260, predator=1.054580
  Finished case 25/36: prey=M1, predator=D: prey=0.838742, predator=1.054123
  Finished case 26/36: prey=M1, predator=N: prey=0.796820, predator=1.083261
  Finished case 27/36: prey=M1, predator=P1: prey=0.830210, predator=1.061225
  Finished case 28/36: prey=M1, predator=P2: prey=0.689911, predator=1.137957
  Finished case 29/36: prey=M1, predator=M1: prey=0.861480, predator=1.046579
  Finished case 30/36: prey=M2, predator=D: prey=0.876037, predator=1.036335
  Finished case 31/36: prey=M1, predator=M2: prey=0.667726, predator=1.150252
  Finished case 32/36: prey=M2, predator=N: prey=0.875035, predator=1.043289
  Finished case 33/36: prey=M2, predator=P1: prey=0.877214, predator=1.038783
  Finished case 34/36: prey=M2, predator=P2: prey=0.877270, predator=1.039126
  Finished case 35/36: prey=M2, predator=M2: prey=0.860385, predator=1.047137
  Finished case 36/36: prey=M2, predator=M1: prey=0.883335, predator=1.036412
  [118/121] w1=1, w2=0.7: prey=M2, predator=M2, equilibria=1
  Starting pair 119/121: w1=1, w2=0.8
  Solving 36 payoff case(s) with 4 worker(s).
  Finished case 1/36: prey=D, predator=D: prey=0.874406, predator=1.040700
  Finished case 2/36: prey=D, predator=P1: prey=0.837137, predator=1.064012
  Finished case 3/36: prey=D, predator=P2: prey=0.835880, predator=1.067986
  Finished case 4/36: prey=D, predator=N: prey=0.722202, predator=1.131988
  Finished case 5/36: prey=D, predator=M1: prey=0.847186, predator=1.058623
  Finished case 6/36: prey=D, predator=M2: prey=0.820530, predator=1.076313
  Finished case 7/36: prey=N, predator=N: prey=0.881294, predator=1.030631
  Finished case 8/36: prey=N, predator=D: prey=0.820780, predator=1.057691
  Finished case 9/36: prey=N, predator=P1: prey=0.831808, predator=1.055150
  Finished case 10/36: prey=N, predator=P2: prey=0.859457, predator=1.041907
  Finished case 11/36: prey=N, predator=M1: prey=0.845562, predator=1.049430
  Finished case 12/36: prey=N, predator=M2: prey=0.845704, predator=1.047610
  Finished case 13/36: prey=P1, predator=P1: prey=0.845506, predator=1.057817
  Finished case 14/36: prey=P1, predator=D: prey=0.838180, predator=1.056769
  Finished case 15/36: prey=P1, predator=N: prey=0.892628, predator=1.037137
  Finished case 16/36: prey=P1, predator=P2: prey=0.703533, predator=1.132992
  Finished case 17/36: prey=P1, predator=M1: prey=0.863449, predator=1.049274
  Finished case 18/36: prey=P1, predator=M2: prey=0.660135, predator=1.155291
  Finished case 19/36: prey=P2, predator=D: prey=0.882250, predator=1.029748
  Finished case 20/36: prey=P2, predator=N: prey=0.834307, predator=1.060831
  Finished case 21/36: prey=P2, predator=P2: prey=0.862796, predator=1.042910
  Finished case 22/36: prey=P2, predator=M1: prey=0.882241, predator=1.033202
  Finished case 23/36: prey=P2, predator=P1: prey=0.850681, predator=1.048392
  Finished case 24/36: prey=P2, predator=M2: prey=0.833846, predator=1.056622
  Finished case 25/36: prey=M1, predator=D: prey=0.833307, predator=1.056768
  Finished case 26/36: prey=M1, predator=N: prey=0.839331, predator=1.060921
  Finished case 27/36: prey=M1, predator=P1: prey=0.826155, predator=1.063574
  Finished case 28/36: prey=M1, predator=P2: prey=0.669196, predator=1.148415
  Finished case 29/36: prey=M1, predator=M1: prey=0.854556, predator=1.050160
  Finished case 30/36: prey=M2, predator=D: prey=0.887522, predator=1.029756
  Finished case 31/36: prey=M1, predator=M2: prey=0.609959, predator=1.179787
  Finished case 32/36: prey=M2, predator=N: prey=0.886987, predator=1.037229
  Finished case 33/36: prey=M2, predator=P1: prey=0.875251, predator=1.039848
  Finished case 34/36: prey=M2, predator=M2: prey=0.853709, predator=1.050583
  Finished case 35/36: prey=M2, predator=P2: prey=0.871868, predator=1.041936
  Finished case 36/36: prey=M2, predator=M1: prey=0.881378, predator=1.037435
  [119/121] w1=1, w2=0.8: prey=M2, predator=M2, equilibria=1
  Starting pair 120/121: w1=1, w2=0.9
  Solving 36 payoff case(s) with 4 worker(s).
  Finished case 1/36: prey=D, predator=D: prey=0.876096, predator=1.039871
  Finished case 2/36: prey=D, predator=P2: prey=0.830772, predator=1.071139
  Finished case 3/36: prey=D, predator=P1: prey=0.845487, predator=1.060039
  Finished case 4/36: prey=D, predator=N: prey=0.817688, predator=1.083099
  Finished case 5/36: prey=D, predator=M1: prey=0.855355, predator=1.054694
  Finished case 6/36: prey=N, predator=N: prey=0.888245, predator=1.026960
  Finished case 7/36: prey=D, predator=M2: prey=0.815231, predator=1.079608
  Finished case 8/36: prey=N, predator=D: prey=0.822623, predator=1.056546
  Finished case 9/36: prey=N, predator=P1: prey=0.834501, predator=1.053851
  Finished case 10/36: prey=N, predator=P2: prey=0.860998, predator=1.041138
  Finished case 11/36: prey=N, predator=M1: prey=0.846720, predator=1.048888
  Finished case 12/36: prey=N, predator=M2: prey=0.848708, predator=1.046125
  Finished case 13/36: prey=P1, predator=P1: prey=0.840605, predator=1.060328
  Finished case 14/36: prey=P1, predator=D: prey=0.832804, predator=1.059335
  Finished case 15/36: prey=P1, predator=N: prey=0.912553, predator=1.026864
  Finished case 16/36: prey=P1, predator=P2: prey=0.693089, predator=1.138220
  Finished case 17/36: prey=P1, predator=M1: prey=0.859237, predator=1.051450
  Finished case 18/36: prey=P1, predator=M2: prey=0.653233, predator=1.158258
  Finished case 19/36: prey=P2, predator=D: prey=0.890527, predator=1.024948
  Finished case 20/36: prey=P2, predator=N: prey=0.884977, predator=1.034482
  Finished case 21/36: prey=P2, predator=P2: prey=0.858136, predator=1.045362
  Finished case 22/36: prey=P2, predator=P1: prey=0.866919, predator=1.040270
  Finished case 23/36: prey=P2, predator=M1: prey=0.883835, predator=1.032380
  Finished case 24/36: prey=P2, predator=M2: prey=0.833737, predator=1.056968
  Finished case 25/36: prey=M1, predator=D: prey=0.827954, predator=1.059335
  Finished case 26/36: prey=M1, predator=N: prey=0.890656, predator=1.034388
  Finished case 27/36: prey=M1, predator=P1: prey=0.825617, predator=1.064113
  Finished case 28/36: prey=M1, predator=P2: prey=0.662516, predator=1.151300
  Finished case 29/36: prey=M1, predator=M1: prey=0.849684, predator=1.052690
  Finished case 30/36: prey=M2, predator=D: prey=0.895874, predator=1.024954
  Finished case 31/36: prey=M1, predator=M2: prey=0.593999, predator=1.187068
  Finished case 32/36: prey=M2, predator=N: prey=0.906906, predator=1.026883
  Finished case 33/36: prey=M2, predator=P1: prey=0.876591, predator=1.039187
  Finished case 34/36: prey=M2, predator=P2: prey=0.867845, predator=1.044038
  Finished case 35/36: prey=M2, predator=M2: prey=0.849028, predator=1.053014
  Finished case 36/36: prey=M2, predator=M1: prey=0.880890, predator=1.037695
  [120/121] w1=1, w2=0.9: prey=M2, predator=M2, equilibria=1
  Starting pair 121/121: w1=1, w2=1
  Solving 36 payoff case(s) with 4 worker(s).
  Finished case 1/36: prey=D, predator=D: prey=0.877532, predator=1.039190
  Finished case 2/36: prey=D, predator=P2: prey=0.827831, predator=1.073132
  Finished case 3/36: prey=D, predator=P1: prey=0.852473, predator=1.056935
  Finished case 4/36: prey=D, predator=N: prey=0.986008, predator=0.992308
  Finished case 5/36: prey=D, predator=M1: prey=0.863357, predator=1.050937
  Finished case 6/36: prey=N, predator=N: prey=0.894684, predator=1.023570
  Finished case 7/36: prey=D, predator=M2: prey=0.812323, predator=1.081613
  Finished case 8/36: prey=N, predator=D: prey=0.824625, predator=1.055312
  Finished case 9/36: prey=N, predator=P1: prey=0.838471, predator=1.051829
  Finished case 10/36: prey=N, predator=P2: prey=0.863080, predator=1.040047
  Finished case 11/36: prey=N, predator=M1: prey=0.848650, predator=1.047889
  Finished case 12/36: prey=N, predator=M2: prey=0.852792, predator=1.044032
  Finished case 13/36: prey=P1, predator=P1: prey=0.837410, predator=1.062001
  Finished case 14/36: prey=P1, predator=D: prey=0.826211, predator=1.062582
  Finished case 15/36: prey=P1, predator=N: prey=0.960220, predator=1.000836
  Finished case 16/36: prey=P1, predator=P2: prey=0.678377, predator=1.146068
  Finished case 17/36: prey=P1, predator=M1: prey=0.856145, predator=1.053066
  Finished case 18/36: prey=P1, predator=M2: prey=0.640632, predator=1.164845
  Finished case 19/36: prey=P2, predator=D: prey=0.895188, predator=1.022227
  Finished case 20/36: prey=P2, predator=N: prey=0.965542, predator=0.991099
  Finished case 21/36: prey=P2, predator=P2: prey=0.855151, predator=1.046968
  Finished case 22/36: prey=P2, predator=M1: prey=0.887357, predator=1.030565
  Finished case 23/36: prey=P2, predator=P1: prey=0.884925, predator=1.031167
  Finished case 24/36: prey=P2, predator=M2: prey=0.835748, predator=1.056247
  Finished case 25/36: prey=M1, predator=D: prey=0.821391, predator=1.062584
  Finished case 26/36: prey=M1, predator=N: prey=0.971534, predator=0.991089
  Finished case 27/36: prey=M1, predator=P1: prey=0.827287, predator=1.063546
  Finished case 28/36: prey=M1, predator=P2: prey=0.650978, predator=1.157337
  Finished case 29/36: prey=M1, predator=M1: prey=0.846511, predator=1.054371
  Finished case 30/36: prey=M2, predator=D: prey=0.900575, predator=1.022233
  Finished case 31/36: prey=M1, predator=M2: prey=0.614497, predator=1.175234
  Finished case 32/36: prey=M2, predator=N: prey=0.954329, predator=1.000849
  Finished case 33/36: prey=M2, predator=P1: prey=0.879952, predator=1.037492
  Finished case 34/36: prey=M2, predator=P2: prey=0.864925, predator=1.045582
  Finished case 35/36: prey=M2, predator=M2: prey=0.846024, predator=1.054612
  Finished case 36/36: prey=M2, predator=M1: prey=0.881402, predator=1.037443
  [121/121] w1=1, w2=1: prey=N, predator=M2, equilibria=1
Saved Nash summary CSV to /home/tim/Documents/Spatial-modelling-of-animal-movements/script/reproduce_day_night/output/figure_runs/ma_campagne/runs/game_theory/weight_nash_heatmap/nash_weight_summary.csv
Saved Nash detail JSON to /home/tim/Documents/Spatial-modelling-of-animal-movements/script/reproduce_day_night/output/figure_runs/ma_campagne/runs/game_theory/weight_nash_heatmap/nash_weight_details.json
Saved consensus component figure to /home/tim/Documents/Spatial-modelling-of-animal-movements/script/reproduce_day_night/output/figure_runs/ma_campagne/runs/game_theory/weight_nash_heatmap/nash_consensus_components.png
Saved diagnostic figure to /home/tim/Documents/Spatial-modelling-of-animal-movements/script/reproduce_day_night/output/figure_runs/ma_campagne/runs/game_theory/weight_nash_heatmap/nash_equilibrium_diagnostics.png
Saved run config to /home/tim/Documents/Spatial-modelling-of-animal-movements/script/reproduce_day_night/output/figure_runs/ma_campagne/runs/game_theory/weight_nash_heatmap/run_config.json
